
20:36:58.229 instance_id=19D30CA036A [debug] handled notification client -> server textDocument/didClose in 281µs

20:36:58.831 instance_id=19D30CA036A [debug] handled notification client -> server textDocument/didClose in 278µs

20:55:12.326 instance_id=19D30CA036A [debug] handled notification client -> server workspace/didChangeWatchedFiles in 4ms

20:55:15.755 instance_id=19D30CA036A [debug] handled notification client -> server workspace/didChangeWatchedFiles in 57ms

20:55:22.924 instance_id=19D30CA036A [debug] handled notification client -> server workspace/didChangeWatchedFiles in 497µs

20:55:32.467 instance_id=19D30CA036A [debug] sent notification server -> client window/logMessage

20:55:32.467 instance_id=19D30CA036A [info] Opened file:///Users/aoeu/personal/lang-learn-journal/mix.exs

20:55:32.467 instance_id=19D30CA036A [debug] handled notification client -> server textDocument/didOpen in 697µs

20:55:35.448 instance_id=19D30CA036A [debug] sent notification server -> client window/logMessage

20:55:35.448 instance_id=19D30CA036A [info] Opened file:///Users/aoeu/personal/lang-learn-journal/config/dev.exs

20:55:35.448 instance_id=19D30CA036A [debug] handled notification client -> server textDocument/didOpen in 1ms

20:55:35.450 instance_id=19D30CA036A [debug] sent notification server -> client window/logMessage

20:55:35.450 instance_id=19D30CA036A [info] Opened file:///Users/aoeu/personal/lang-learn-journal/config/config.exs

20:55:35.450 instance_id=19D30CA036A [debug] handled notification client -> server textDocument/didOpen in 814µs

20:55:35.882 instance_id=19D30CA036A [debug] sent notification server -> client window/logMessage

20:55:35.882 instance_id=19D30CA036A [info] Opened file:///Users/aoeu/personal/lang-learn-journal/config/runtime.exs

20:55:35.882 instance_id=19D30CA036A [debug] handled notification client -> server textDocument/didOpen in 525µs

20:55:40.672 instance_id=19D30CA036A [debug] handled notification client -> server textDocument/didChange in 11ms

20:55:40.742 instance_id=19D30CA036A [debug] Node port message: 
20:55:40.742 [info] Plugins found 0 results in 0.004 ms


20:55:40.743 instance_id=19D30CA036A [debug] sent notification server -> client textDocument/publishDiagnostics

20:55:40.909 instance_id=19D30CA036A [debug] handled notification client -> server workspace/didChangeWatchedFiles in 588µs

20:55:46.871 instance_id=19D30CA036A [debug] handled notification client -> server workspace/didChangeWatchedFiles in 13ms

20:55:49.670 instance_id=19D30CA036A [debug] sent notification server -> client window/logMessage

20:55:49.670 instance_id=19D30CA036A [info] Opened file:///Users/aoeu/personal/lang-learn-journal/lib/sprachjournal_web/components/layouts/root.html.heex

20:55:49.670 instance_id=19D30CA036A [debug] handled notification client -> server textDocument/didOpen in 873µs

20:55:50.125 instance_id=19D30CA036A [debug] sent notification server -> client window/logMessage

20:55:50.125 instance_id=19D30CA036A [info] Opened file:///Users/aoeu/personal/lang-learn-journal/lib/sprachjournal_web/components/layouts.ex

20:55:50.125 instance_id=19D30CA036A [debug] handled notification client -> server textDocument/didOpen in 1ms

20:55:51.015 instance_id=19D30CA036A [debug] sent notification server -> client window/logMessage

20:55:51.015 instance_id=19D30CA036A [info] Opened file:///Users/aoeu/personal/lang-learn-journal/lib/sprachjournal_web/router.ex

20:55:51.015 instance_id=19D30CA036A [debug] handled notification client -> server textDocument/didOpen in 1ms

20:55:55.884 instance_id=19D30CA036A [debug] sent notification server -> client window/logMessage

20:55:55.884 instance_id=19D30CA036A [info] Opened file:///Users/aoeu/personal/lang-learn-journal/lib/sprachjournal_web/components/core_components.ex

20:55:55.884 instance_id=19D30CA036A [debug] handled notification client -> server textDocument/didOpen in 730µs

20:55:56.413 instance_id=19D30CA036A [debug] sent notification server -> client window/logMessage

20:55:56.413 instance_id=19D30CA036A [info] Opened file:///Users/aoeu/personal/lang-learn-journal/lib/sprachjournal_web/controllers/page_html/home.html.heex

20:55:56.413 instance_id=19D30CA036A [debug] handled notification client -> server textDocument/didOpen in 1ms

20:55:56.477 instance_id=19D30CA036A [debug] sent notification server -> client window/logMessage

20:55:56.477 instance_id=19D30CA036A [info] Opened file:///Users/aoeu/personal/lang-learn-journal/lib/sprachjournal_web.ex

20:55:56.478 instance_id=19D30CA036A [debug] handled notification client -> server textDocument/didOpen in 491µs

20:56:58.466 instance_id=19D30CA036A [debug] handled notification client -> server textDocument/didChange in 1ms

20:57:17.372 instance_id=19D30CA036A [debug] handled notification client -> server textDocument/didChange in 913µs

20:57:17.430 instance_id=19D30CA036A [debug] Node port message: 
20:57:17.430 [info] Plugins found 0 results in 0.006 ms


20:57:17.435 instance_id=19D30CA036A [debug] sent notification server -> client textDocument/publishDiagnostics

20:57:17.435 instance_id=19D30CA036A [debug] sent notification server -> client textDocument/publishDiagnostics

20:57:17.623 instance_id=19D30CA036A [debug] handled notification client -> server workspace/didChangeWatchedFiles in 636µs

20:57:28.557 instance_id=19D30CA036A [debug] handled notification client -> server textDocument/didChange in 826µs

20:57:28.609 instance_id=19D30CA036A [debug] sent notification server -> client textDocument/publishDiagnostics

20:57:28.610 instance_id=19D30CA036A [debug] sent notification server -> client textDocument/publishDiagnostics

20:57:28.610 instance_id=19D30CA036A [debug] Node port message: 
20:57:28.609 [info] Plugins found 0 results in 0.005 ms


20:57:28.610 instance_id=19D30CA036A [debug] sent notification server -> client textDocument/publishDiagnostics

20:57:28.804 instance_id=19D30CA036A [debug] handled notification client -> server workspace/didChangeWatchedFiles in 475µs

20:57:42.049 instance_id=19D30CA036A [debug] handled notification client -> server workspace/didChangeWatchedFiles in 2ms

20:57:44.832 instance_id=19D30CA036A [debug] handled notification client -> server workspace/didChangeWatchedFiles in 1ms

20:57:56.677 instance_id=19D30CA036A [debug] handled notification client -> server workspace/didChangeWatchedFiles in 1ms

20:57:58.347 instance_id=19D30CA036A [debug] handled notification client -> server workspace/didChangeWatchedFiles in 1ms

20:58:03.806 instance_id=19D30CA036A [debug] handled notification client -> server workspace/didChangeWatchedFiles in 547µs

20:58:05.025 instance_id=19D30CA036A [debug] handled notification client -> server workspace/didChangeWatchedFiles in 1ms

20:58:12.563 instance_id=19D30CA036A [debug] handled notification client -> server workspace/didChangeWatchedFiles in 433µs

20:58:21.673 instance_id=19D30CA036A [debug] handled notification client -> server workspace/didChangeWatchedFiles in 426µs

20:58:32.480 instance_id=19D30CA036A [debug] handled notification client -> server textDocument/didClose in 260µs

20:58:33.621 instance_id=19D30CA036A [debug] handled notification client -> server workspace/didChangeWatchedFiles in 1ms

20:58:35.453 instance_id=19D30CA036A [debug] handled notification client -> server textDocument/didClose in 172µs

20:58:35.454 instance_id=19D30CA036A [debug] handled notification client -> server textDocument/didClose in 234µs

20:58:35.890 instance_id=19D30CA036A [debug] handled notification client -> server textDocument/didClose in 196µs

20:58:49.681 instance_id=19D30CA036A [debug] handled notification client -> server textDocument/didClose in 608µs

20:58:50.133 instance_id=19D30CA036A [debug] handled notification client -> server textDocument/didClose in 733µs

20:58:51.023 instance_id=19D30CA036A [debug] handled notification client -> server textDocument/didClose in 228µs

20:58:55.893 instance_id=19D30CA036A [debug] handled notification client -> server textDocument/didClose in 1ms

20:58:56.418 instance_id=19D30CA036A [debug] handled notification client -> server textDocument/didClose in 369µs

20:58:56.484 instance_id=19D30CA036A [debug] handled notification client -> server textDocument/didClose in 242µs

20:59:00.125 instance_id=19D30CA036A [debug] handled notification client -> server workspace/didChangeWatchedFiles in 1ms

20:59:24.498 instance_id=19D30CA036A [debug] handled notification client -> server workspace/didChangeWatchedFiles in 1ms

21:00:10.744 instance_id=19D30CA036A [debug] handled notification client -> server workspace/didChangeWatchedFiles in 697µs

21:00:30.580 instance_id=19D30CA036A [debug] handled notification client -> server workspace/didChangeWatchedFiles in 1ms

21:00:53.089 instance_id=19D30CA036A [debug] handled notification client -> server workspace/didChangeWatchedFiles in 1ms

21:00:57.249 instance_id=19D30CA036A [debug] sent notification server -> client window/logMessage

21:00:57.249 instance_id=19D30CA036A [info] Opened file:///Users/aoeu/personal/lang-learn-journal/priv/repo/seeds.exs

21:00:57.249 instance_id=19D30CA036A [debug] handled notification client -> server textDocument/didOpen in 1ms

21:01:02.082 instance_id=19D30CA036A [debug] handled notification client -> server textDocument/didChange in 1ms

21:01:02.202 instance_id=19D30CA036A [debug] Node port message: 
21:01:02.202 [info] Plugins found 0 results in 0.005 ms


21:01:02.202 instance_id=19D30CA036A [debug] sent notification server -> client textDocument/publishDiagnostics

21:01:02.202 instance_id=19D30CA036A [debug] sent notification server -> client textDocument/publishDiagnostics

21:01:02.202 instance_id=19D30CA036A [debug] sent notification server -> client textDocument/publishDiagnostics

21:01:02.203 instance_id=19D30CA036A [debug] sent notification server -> client textDocument/publishDiagnostics

21:01:02.332 instance_id=19D30CA036A [debug] handled notification client -> server workspace/didChangeWatchedFiles in 746µs

21:01:10.363 instance_id=19D30CA036A [debug] handled notification client -> server workspace/didChangeWatchedFiles in 577µs

21:01:15.233 instance_id=19D30CA036A [debug] sent notification server -> client window/logMessage

21:01:15.233 instance_id=19D30CA036A [info] Opened file:///Users/aoeu/personal/lang-learn-journal/lib/sprachjournal_web/live/settings_live.ex

21:01:15.233 instance_id=19D30CA036A [debug] handled notification client -> server textDocument/didOpen in 795µs

21:01:15.330 instance_id=19D30CA036A [debug] handled notification client -> server textDocument/didChange in 886µs

21:01:15.384 instance_id=19D30CA036A [debug] Node port message: 
21:01:15.384 [info] Plugins found 0 results in 0.005 ms


21:01:15.384 instance_id=19D30CA036A [debug] sent notification server -> client textDocument/publishDiagnostics

21:01:15.384 instance_id=19D30CA036A [debug] sent notification server -> client textDocument/publishDiagnostics

21:01:15.384 instance_id=19D30CA036A [debug] sent notification server -> client textDocument/publishDiagnostics

21:01:15.385 instance_id=19D30CA036A [debug] sent notification server -> client textDocument/publishDiagnostics

21:01:15.385 instance_id=19D30CA036A [debug] sent notification server -> client textDocument/publishDiagnostics

21:01:15.582 instance_id=19D30CA036A [debug] handled notification client -> server workspace/didChangeWatchedFiles in 594µs

21:02:25.583 instance_id=19D30CA036A [debug] handled notification client -> server workspace/didChangeWatchedFiles in 390µs

21:02:42.434 instance_id=19D30CA036A [debug] handled notification client -> server workspace/didChangeWatchedFiles in 711µs

21:03:31.807 instance_id=19D30CA036A [debug] sent notification server -> client window/logMessage

21:03:31.807 instance_id=19D30CA036A [info] Opened file:///Users/aoeu/personal/lang-learn-journal/lib/sprachjournal_web/components/layouts/root.html.heex

21:03:31.807 instance_id=19D30CA036A [debug] handled notification client -> server textDocument/didOpen in 849µs

21:03:31.904 instance_id=19D30CA036A [debug] handled notification client -> server textDocument/didChange in 657µs

21:03:45.021 instance_id=19D30CA036A [debug] sent notification server -> client window/logMessage

21:03:45.021 instance_id=19D30CA036A [info] Opened file:///Users/aoeu/personal/lang-learn-journal/lib/sprachjournal_web.ex

21:03:45.021 instance_id=19D30CA036A [debug] handled notification client -> server textDocument/didOpen in 888µs

21:03:45.118 instance_id=19D30CA036A [debug] handled notification client -> server textDocument/didChange in 675µs

21:03:45.180 instance_id=19D30CA036A [debug] sent notification server -> client textDocument/publishDiagnostics

21:03:45.180 instance_id=19D30CA036A [debug] Node port message: 
21:03:45.180 [info] Plugins found 0 results in 0.004 ms


21:03:45.180 instance_id=19D30CA036A [debug] sent notification server -> client textDocument/publishDiagnostics

21:03:45.181 instance_id=19D30CA036A [debug] sent notification server -> client textDocument/publishDiagnostics

21:03:45.181 instance_id=19D30CA036A [debug] sent notification server -> client textDocument/publishDiagnostics

21:03:45.181 instance_id=19D30CA036A [debug] sent notification server -> client textDocument/publishDiagnostics

21:03:45.181 instance_id=19D30CA036A [debug] sent notification server -> client textDocument/publishDiagnostics

21:03:45.367 instance_id=19D30CA036A [debug] handled notification client -> server workspace/didChangeWatchedFiles in 575µs

21:03:57.256 instance_id=19D30CA036A [debug] handled notification client -> server textDocument/didClose in 304µs

21:04:15.241 instance_id=19D30CA036A [debug] handled notification client -> server textDocument/didClose in 409µs

21:04:34.203 instance_id=19D30CA036A [debug] handled notification client -> server workspace/didChangeWatchedFiles in 365µs

21:04:34.861 instance_id=19D30CA036A [debug] handled notification client -> server workspace/didChangeWatchedFiles in 510µs

21:04:47.703 instance_id=19D30CA036A [debug] handled notification client -> server workspace/didChangeWatchedFiles in 2ms

21:06:31.799 instance_id=19D30CA036A [debug] handled notification client -> server textDocument/didClose in 160µs

21:06:45.017 instance_id=19D30CA036A [debug] handled notification client -> server textDocument/didClose in 331µs

21:18:17.780 instance_id=19D30CA036A [debug] sent notification server -> client window/logMessage

21:18:17.780 instance_id=19D30CA036A [info] Opened file:///Users/aoeu/personal/lang-learn-journal/lib/sprachjournal/ai.ex

21:18:17.780 instance_id=19D30CA036A [debug] handled notification client -> server textDocument/didOpen in 890µs

21:18:18.229 instance_id=19D30CA036A [debug] sent notification server -> client window/logMessage

21:18:18.229 instance_id=19D30CA036A [info] Opened file:///Users/aoeu/personal/lang-learn-journal/lib/sprachjournal/ai/prompt_generator.ex

21:18:18.229 instance_id=19D30CA036A [debug] handled notification client -> server textDocument/didOpen in 797µs

21:18:18.780 instance_id=19D30CA036A [debug] sent notification server -> client window/logMessage

21:18:18.780 instance_id=19D30CA036A [info] Opened file:///Users/aoeu/personal/lang-learn-journal/lib/sprachjournal/ai/proofreader.ex

21:18:18.780 instance_id=19D30CA036A [debug] handled notification client -> server textDocument/didOpen in 1ms

21:18:32.433 instance_id=19D30CA036A [debug] sent notification server -> client window/logMessage

21:18:32.433 instance_id=19D30CA036A [info] Opened file:///Users/aoeu/personal/lang-learn-journal/deps/anthropix/lib/anthropix.ex

21:18:32.433 instance_id=19D30CA036A [debug] handled notification client -> server textDocument/didOpen in 836µs

21:18:32.433 instance_id=19D30CA036A [info] Child {XPExpert.EngineSupervisor, "anthropix::21356990"} of Supervisor :"anthropix::21356990::supervisor" started
Pid: #PID<0.1276.0>
Start Call: XPExpert.EngineSupervisor.start_link(%XPForge.Project{root_uri: "file:///Users/aoeu/personal/lang-learn-journal/deps/anthropix", mix_exs_uri: "file:///Users/aoeu/personal/lang-learn-journal/deps/anthropix/mix.exs", mix_project?: true, mix_env: nil, mix_target: nil, env_variables: %{}, project_module: nil, entropy: 45006})
Restart: :permanent
Shutdown: 5000
Type: :worker

21:18:32.433 instance_id=19D30CA036A [debug] sent request server -> client window/workDoneProgress/create

21:18:32.434 instance_id=19D30CA036A [debug] sent notification server -> client $/progress

21:18:32.434 instance_id=19D30CA036A [debug] sent request server -> client window/workDoneProgress/create

21:18:32.435 instance_id=19D30CA036A [debug] sent notification server -> client $/progress

21:18:33.834 instance_id=19D30CA036A [debug] sent notification server -> client window/logMessage

21:18:33.834 instance_id=19D30CA036A [info] Using path: /Users/aoeu/Library/Application Support/.burrito/expert_erts-15.2.7_0.1.0-rc.6/erts-15.2.7/bin:/Users/aoeu/Library/Application Support/.burrito/expert_erts-15.2.7_0.1.0-rc.6/bin:/Users/aoeu/.local/bin:/opt/homebrew/opt/postgresql@17/bin:/Users/aoeu/.local/share/mise/installs/erlang/28.3/bin:/Users/aoeu/google-cloud-sdk/bin:/Library/Frameworks/Python.framework/Versions/3.13/bin:/Users/aoeu/.local/share/mise/shims:/opt/homebrew/bin:/opt/homebrew/bin:/opt/homebrew/sbin:/usr/local/bin:/System/Cryptexes/App/usr/bin:/usr/bin:/bin:/usr/sbin:/sbin:/var/run/com.apple.security.cryptexd/codex.system/bootstrap/usr/local/bin:/var/run/com.apple.security.cryptexd/codex.system/bootstrap/usr/bin:/var/run/com.apple.security.cryptexd/codex.system/bootstrap/usr/appleinternal/bin:/opt/pkg/env/active/bin:/opt/pmk/env/global/bin:/usr/local/MacGPG2/bin:/Applications/CyberArk EPM.app/Contents/MacOS:/usr/local/share/dotnet:~/.dotnet/tools:/usr/local/go/bin:/usr/local/munki

21:18:33.834 instance_id=19D30CA036A [debug] sent notification server -> client window/logMessage

21:18:33.834 instance_id=19D30CA036A [info] Found elixir executable at /Users/aoeu/.local/share/mise/installs/elixir/1.19.5-otp-28/bin/elixir

21:18:33.834 instance_id=19D30CA036A [debug] sent notification server -> client window/logMessage

21:18:33.834 instance_id=19D30CA036A [info] Found erl executable at /Users/aoeu/.local/share/mise/installs/erlang/28.3/bin/erl

21:18:33.834 instance_id=19D30CA036A [debug] sent notification server -> client window/logMessage

21:18:33.834 instance_id=19D30CA036A [info] Preparing engine

21:18:35.041 instance_id=19D30CA036A [debug] Engine build output: Namespacing 12 files:

21:18:35.041 instance_id=19D30CA036A [debug] Engine build output: New: 4

21:18:35.041 instance_id=19D30CA036A [debug] Engine build output: Changed: 8

21:18:35.041 instance_id=19D30CA036A [debug] Engine build output: Deleted: 4

21:18:35.041 instance_id=19D30CA036A [debug] Engine build output: 

21:18:35.057 instance_id=19D30CA036A [debug] Engine build output: Rewriting 0 app files

21:18:35.058 instance_id=19D30CA036A [debug] Engine build output: Rewriting .beam files

21:18:35.058 instance_id=19D30CA036A [debug] Engine build output: Found 0 protocols

21:18:35.058 instance_id=19D30CA036A [debug] Engine build output: Found 0 app beam files

21:18:35.058 instance_id=19D30CA036A [debug] Engine build output: Finished namespacing .beam files

21:18:35.058 instance_id=19D30CA036A [debug] Engine build output: Rewriting 0 scripts

21:18:35.059 instance_id=19D30CA036A [debug] Engine build output: Rebuilding 0 boot files

21:18:35.060 instance_id=19D30CA036A [debug] Engine build output: Rewriting 0 config scripts.

21:18:35.067 instance_id=19D30CA036A [debug] sent notification server -> client window/logMessage

21:18:35.067 instance_id=19D30CA036A [info] Engine available at: /Users/aoeu/Library/Caches/expert/0.1.0-rc.6/ex-1.19.5-erl-16.2/uyfi4-zJtG4Rq8fhqy_xJQ/_build/dev_ns

21:18:35.087 instance_id=19D30CA036A [debug] sent notification server -> client window/logMessage

21:18:35.087 instance_id=19D30CA036A [info] ebin paths:
["/Users/aoeu/Library/Caches/expert/0.1.0-rc.6/ex-1.19.5-erl-16.2/uyfi4-zJtG4Rq8fhqy_xJQ/_build/dev_ns/lib/patch/ebin",
 "/Users/aoeu/Library/Caches/expert/0.1.0-rc.6/ex-1.19.5-erl-16.2/uyfi4-zJtG4Rq8fhqy_xJQ/_build/dev_ns/lib/xp_briefly/ebin",
 "/Users/aoeu/Library/Caches/expert/0.1.0-rc.6/ex-1.19.5-erl-16.2/uyfi4-zJtG4Rq8fhqy_xJQ/_build/dev_ns/lib/xp_bunt/ebin",
 "/Users/aoeu/Library/Caches/expert/0.1.0-rc.6/ex-1.19.5-erl-16.2/uyfi4-zJtG4Rq8fhqy_xJQ/_build/dev_ns/lib/xp_credo/ebin",
 "/Users/aoeu/Library/Caches/expert/0.1.0-rc.6/ex-1.19.5-erl-16.2/uyfi4-zJtG4Rq8fhqy_xJQ/_build/dev_ns/lib/xp_deps_nix/ebin",
 "/Users/aoeu/Library/Caches/expert/0.1.0-rc.6/ex-1.19.5-erl-16.2/uyfi4-zJtG4Rq8fhqy_xJQ/_build/dev_ns/lib/xp_elixir_sense/ebin",
 "/Users/aoeu/Library/Caches/expert/0.1.0-rc.6/ex-1.19.5-erl-16.2/uyfi4-zJtG4Rq8fhqy_xJQ/_build/dev_ns/lib/xp_engine/ebin",
 "/Users/aoeu/Library/Caches/expert/0.1.0-rc.6/ex-1.19.5-erl-16.2/uyfi4-zJtG4Rq8fhqy_xJQ/_build/dev_ns/lib/xp_file_system/ebin",
 "/Users/aoeu/Library/Caches/expert/0.1.0-rc.6/ex-1.19.5-erl-16.2/uyfi4-zJtG4Rq8fhqy_xJQ/_build/dev_ns/lib/xp_forge/ebin",
 "/Users/aoeu/Library/Caches/expert/0.1.0-rc.6/ex-1.19.5-erl-16.2/uyfi4-zJtG4Rq8fhqy_xJQ/_build/dev_ns/lib/xp_gen_lsp/ebin",
 "/Users/aoeu/Library/Caches/expert/0.1.0-rc.6/ex-1.19.5-erl-16.2/uyfi4-zJtG4Rq8fhqy_xJQ/_build/dev_ns/lib/xp_hpax/ebin",
 "/Users/aoeu/Library/Caches/expert/0.1.0-rc.6/ex-1.19.5-erl-16.2/uyfi4-zJtG4Rq8fhqy_xJQ/_build/dev_ns/lib/xp_jason/ebin",
 "/Users/aoeu/Library/Caches/expert/0.1.0-rc.6/ex-1.19.5-erl-16.2/uyfi4-zJtG4Rq8fhqy_xJQ/_build/dev_ns/lib/xp_mint/ebin",
 "/Users/aoeu/Library/Caches/expert/0.1.0-rc.6/ex-1.19.5-erl-16.2/uyfi4-zJtG4Rq8fhqy_xJQ/_build/dev_ns/lib/xp_nimble_options/ebin",
 "/Users/aoeu/Library/Caches/expert/0.1.0-rc.6/ex-1.19.5-erl-16.2/uyfi4-zJtG4Rq8fhqy_xJQ/_build/dev_ns/lib/xp_nimble_parsec/ebin",
 "/Users/aoeu/Library/Caches/expert/0.1.0-rc.6/ex-1.19.5-erl-16.2/uyfi4-zJtG4Rq8fhqy_xJQ/_build/dev_ns/lib/xp_path_glob/ebin",
 "/Users/aoeu/Library/Caches/expert/0.1.0-rc.6/ex-1.19.5-erl-16.2/uyfi4-zJtG4Rq8fhqy_xJQ/_build/dev_ns/lib/xp_refactorex/ebin",
 "/Users/aoeu/Library/Caches/expert/0.1.0-rc.6/ex-1.19.5-erl-16.2/uyfi4-zJtG4Rq8fhqy_xJQ/_build/dev_ns/lib/xp_schematic/ebin",
 "/Users/aoeu/Library/Caches/expert/0.1.0-rc.6/ex-1.19.5-erl-16.2/uyfi4-zJtG4Rq8fhqy_xJQ/_build/dev_ns/lib/xp_sourceror/ebin",
 "/Users/aoeu/Library/Caches/expert/0.1.0-rc.6/ex-1.19.5-erl-16.2/uyfi4-zJtG4Rq8fhqy_xJQ/_build/dev_ns/lib/xp_spitfire/ebin",
 "/Users/aoeu/Library/Caches/expert/0.1.0-rc.6/ex-1.19.5-erl-16.2/uyfi4-zJtG4Rq8fhqy_xJQ/_build/dev_ns/lib/xp_telemetry/ebin",
 "/Users/aoeu/Library/Caches/expert/0.1.0-rc.6/ex-1.19.5-erl-16.2/uyfi4-zJtG4Rq8fhqy_xJQ/_build/dev_ns/lib/xp_typed_struct/ebin"]

21:18:35.107 instance_id=19D30CA036A [debug] sent notification server -> client $/progress

21:18:35.107 instance_id=19D30CA036A [debug] sent notification server -> client $/progress

21:18:36.066 instance_id=19D30CA036A [debug] sent notification server -> client $/progress

21:18:36.068 instance_id=19D30CA036A [debug] Node port message: ok


21:18:36.170 instance_id=19D30CA036A [debug] Node port message: 
21:18:36.164 [notice] Application mix exited: :stopped


21:18:36.179 instance_id=19D30CA036A [debug] Node port message:     warning: redefining module Anthropix.MixProject (current version defined in memory)
    │
  1 │ defmodule Anthropix.MixProject do
    │ ~~~~~~~~~~~~~~~~~~~~~~~~~~~~~~~~~
    │
    └─ /Users/aoeu/personal/lang-learn-journal/deps/anthropix/mix.exs:1: Anthropix.MixProject (module)



21:18:36.185 instance_id=19D30CA036A [debug] sent notification server -> client $/progress

21:18:36.186 instance_id=19D30CA036A [debug] sent notification server -> client $/progress

21:18:36.189 instance_id=19D30CA036A [debug] sent notification server -> client $/progress

21:18:36.241 instance_id=19D30CA036A [debug] Node port message: 
21:18:36.241 [info] Build path /Users/aoeu/personal/lang-learn-journal/deps/anthropix/.expert/build/erl-28/elixir-1.19 was compiled on a previous erlang version. Deleting


21:18:36.247 instance_id=19D30CA036A [debug] sent notification server -> client $/progress

21:18:36.247 instance_id=19D30CA036A [debug] sent notification server -> client $/progress

21:18:36.248 instance_id=19D30CA036A [debug] sent notification server -> client $/progress

21:18:36.248 instance_id=19D30CA036A [debug] sent notification server -> client $/progress

21:18:36.248 instance_id=19D30CA036A [debug] sent notification server -> client $/progress

21:18:36.248 instance_id=19D30CA036A [debug] sent notification server -> client $/progress

21:18:36.248 instance_id=19D30CA036A [debug] sent notification server -> client $/progress

21:18:36.248 instance_id=19D30CA036A [debug] sent notification server -> client $/progress

21:18:36.248 instance_id=19D30CA036A [debug] sent notification server -> client $/progress

21:18:36.249 instance_id=19D30CA036A [debug] sent notification server -> client $/progress

21:18:36.249 instance_id=19D30CA036A [debug] sent notification server -> client $/progress

21:18:36.249 instance_id=19D30CA036A [debug] sent notification server -> client $/progress

21:18:36.249 instance_id=19D30CA036A [debug] sent notification server -> client $/progress

21:18:36.249 instance_id=19D30CA036A [debug] sent notification server -> client $/progress

21:18:36.249 instance_id=19D30CA036A [debug] sent notification server -> client $/progress

21:18:36.249 instance_id=19D30CA036A [debug] sent notification server -> client $/progress

21:18:36.249 instance_id=19D30CA036A [debug] sent notification server -> client $/progress

21:18:36.249 instance_id=19D30CA036A [debug] sent notification server -> client $/progress

21:18:36.250 instance_id=19D30CA036A [debug] sent notification server -> client $/progress

21:18:36.250 instance_id=19D30CA036A [debug] sent notification server -> client $/progress

21:18:36.250 instance_id=19D30CA036A [info] Child {XPExpert.Project.Node, "anthropix::21356990"} of Supervisor :"anthropix::21356990::supervisor" started
Pid: #PID<0.1277.0>
Start Call: XPExpert.Project.Node.start_link(%XPForge.Project{root_uri: "file:///Users/aoeu/personal/lang-learn-journal/deps/anthropix", mix_exs_uri: "file:///Users/aoeu/personal/lang-learn-journal/deps/anthropix/mix.exs", mix_project?: true, mix_env: nil, mix_target: nil, env_variables: %{}, project_module: nil, entropy: 45006})
Restart: :permanent
Shutdown: 5000
Type: :worker

21:18:36.250 instance_id=19D30CA036A [info] Child {XPExpert.Project.Diagnostics, "anthropix::21356990"} of Supervisor :"anthropix::21356990::supervisor" started
Pid: #PID<0.1305.0>
Start Call: XPExpert.Project.Diagnostics.start_link(%XPForge.Project{root_uri: "file:///Users/aoeu/personal/lang-learn-journal/deps/anthropix", mix_exs_uri: "file:///Users/aoeu/personal/lang-learn-journal/deps/anthropix/mix.exs", mix_project?: true, mix_env: nil, mix_target: nil, env_variables: %{}, project_module: nil, entropy: 45006})
Restart: :permanent
Shutdown: 5000
Type: :worker

21:18:36.250 instance_id=19D30CA036A [info] Child {XPExpert.Project.Intelligence, "anthropix::21356990"} of Supervisor :"anthropix::21356990::supervisor" started
Pid: #PID<0.1306.0>
Start Call: XPExpert.Project.Intelligence.start_link(%XPForge.Project{root_uri: "file:///Users/aoeu/personal/lang-learn-journal/deps/anthropix", mix_exs_uri: "file:///Users/aoeu/personal/lang-learn-journal/deps/anthropix/mix.exs", mix_project?: true, mix_env: nil, mix_target: nil, env_variables: %{}, project_module: nil, entropy: 45006})
Restart: :permanent
Shutdown: 5000
Type: :worker

21:18:36.250 instance_id=19D30CA036A [info] Child XPExpert.Project.SearchListener of Supervisor :"anthropix::21356990::supervisor" started
Pid: #PID<0.1307.0>
Start Call: XPExpert.Project.SearchListener.start_link(%XPForge.Project{root_uri: "file:///Users/aoeu/personal/lang-learn-journal/deps/anthropix", mix_exs_uri: "file:///Users/aoeu/personal/lang-learn-journal/deps/anthropix/mix.exs", mix_project?: true, mix_env: nil, mix_target: nil, env_variables: %{}, project_module: nil, entropy: 45006})
Restart: :permanent
Shutdown: 5000
Type: :worker

21:18:36.250 instance_id=19D30CA036A [debug] sent notification server -> client window/logMessage

21:18:36.250 instance_id=19D30CA036A [info] Started project node for anthropix

21:18:36.304 instance_id=19D30CA036A [debug] Node port message: 
21:18:36.304 [info] Building Anthropix


21:18:36.304 instance_id=19D30CA036A [debug] Node port message: 
21:18:36.304 [debug] sent request server -> client window/workDoneProgress/create


21:18:36.305 instance_id=19D30CA036A [debug] Node port message: 
21:18:36.305 [debug] sent notification server -> client $/progress


21:18:36.321 instance_id=19D30CA036A [debug] Node port message: 
21:18:36.321 [debug] sent notification server -> client $/progress


21:18:36.325 instance_id=19D30CA036A [debug] Node port message: 
21:18:36.325 [debug] sent notification server -> client $/progress


21:18:36.327 instance_id=19D30CA036A [debug] Node port message: 
21:18:36.327 [debug] sent notification server -> client $/progress


21:18:36.582 instance_id=19D30CA036A [debug] Node port message: Resolving Hex dependencies...


21:18:36.701 instance_id=19D30CA036A [debug] Node port message: Resolution completed in 0.116s


21:18:36.703 instance_id=19D30CA036A [debug] Node port message: New:


21:18:36.703 instance_id=19D30CA036A [debug] Node port message:   earmark_parser 1.4.44
  ex_doc 0.40.1


21:18:36.703 instance_id=19D30CA036A [debug] Node port message:   finch 0.21.0


21:18:36.703 instance_id=19D30CA036A [debug] Node port message:   hpax 1.0.3
  jason 1.4.4


21:18:36.703 instance_id=19D30CA036A [debug] Node port message:   makeup 1.2.1


21:18:36.703 instance_id=19D30CA036A [debug] Node port message:   makeup_elixir 1.0.1


21:18:36.703 instance_id=19D30CA036A [debug] Node port message:   makeup_erlang 1.0.3


21:18:36.703 instance_id=19D30CA036A [debug] Node port message:   mime 2.0.7


21:18:36.703 instance_id=19D30CA036A [debug] Node port message:   mint 1.7.1


21:18:36.703 instance_id=19D30CA036A [debug] Node port message:   nimble_options 1.1.1


21:18:36.703 instance_id=19D30CA036A [debug] Node port message:   nimble_parsec 1.4.2


21:18:36.703 instance_id=19D30CA036A [debug] Node port message:   nimble_pool 1.1.0


21:18:36.703 instance_id=19D30CA036A [debug] Node port message:   plug 1.19.1


21:18:36.703 instance_id=19D30CA036A [debug] Node port message:   plug_crypto 2.1.1
  req 0.5.17


21:18:36.703 instance_id=19D30CA036A [debug] Node port message:   telemetry 1.4.1


21:18:36.708 instance_id=19D30CA036A [debug] Node port message: * Getting ex_doc (Hex package)


21:18:36.767 instance_id=19D30CA036A [debug] Node port message: * Getting jason (Hex package)


21:18:36.773 instance_id=19D30CA036A [debug] Node port message: * Getting nimble_options (Hex package)


21:18:36.776 instance_id=19D30CA036A [debug] Node port message: * Getting plug (Hex package)


21:18:36.794 instance_id=19D30CA036A [debug] Node port message: * Getting req (Hex package)


21:18:36.804 instance_id=19D30CA036A [debug] Node port message: * Getting finch (Hex package)


21:18:36.813 instance_id=19D30CA036A [debug] Node port message: * Getting mime (Hex package)


21:18:36.816 instance_id=19D30CA036A [debug] Node port message: * Getting mint (Hex package)


21:18:36.826 instance_id=19D30CA036A [debug] Node port message: * Getting nimble_pool (Hex package)


21:18:36.829 instance_id=19D30CA036A [debug] Node port message: * Getting telemetry (Hex package)


21:18:36.835 instance_id=19D30CA036A [debug] Node port message: * Getting hpax (Hex package)


21:18:36.839 instance_id=19D30CA036A [debug] Node port message: * Getting plug_crypto (Hex package)


21:18:36.843 instance_id=19D30CA036A [debug] Node port message: * Getting earmark_parser (Hex package)


21:18:36.862 instance_id=19D30CA036A [debug] Node port message: * Getting makeup_elixir (Hex package)


21:18:36.868 instance_id=19D30CA036A [debug] Node port message: * Getting makeup_erlang (Hex package)


21:18:36.873 instance_id=19D30CA036A [debug] Node port message: * Getting makeup (Hex package)


21:18:36.882 instance_id=19D30CA036A [debug] Node port message: * Getting nimble_parsec (Hex package)


21:18:36.940 instance_id=19D30CA036A [debug] Node port message: 
21:18:36.940 [debug] sent notification server -> client $/progress


21:18:36.942 instance_id=19D30CA036A [debug] Node port message: 
21:18:36.942 [debug] sent notification server -> client $/progress


21:18:36.944 instance_id=19D30CA036A [debug] Node port message: 
21:18:36.944 [info] Loaded []


21:18:36.944 instance_id=19D30CA036A [debug] Node port message: 
21:18:36.944 [debug] sent notification server -> client $/progress


21:18:37.075 instance_id=19D30CA036A [debug] Node port message: ==> mime


21:18:37.075 instance_id=19D30CA036A [debug] Node port message: Compiling 1 file (.ex)


21:18:37.121 instance_id=19D30CA036A [debug] Node port message: 
21:18:37.121 [debug] sent notification server -> client $/progress


21:18:37.146 instance_id=19D30CA036A [debug] Node port message: Generated mime app


21:18:37.158 instance_id=19D30CA036A [debug] Node port message: ==> nimble_options


21:18:37.158 instance_id=19D30CA036A [debug] Node port message: Compiling 3 files (.ex)


21:18:37.170 instance_id=19D30CA036A [debug] Node port message: 
21:18:37.170 [debug] sent notification server -> client $/progress


21:18:37.200 instance_id=19D30CA036A [debug] Node port message: 
21:18:37.200 [debug] sent notification server -> client $/progress


21:18:37.290 instance_id=19D30CA036A [debug] Node port message: 
21:18:37.290 [debug] sent notification server -> client $/progress


21:18:37.301 instance_id=19D30CA036A [debug] Node port message: Generated nimble_options app


21:18:37.313 instance_id=19D30CA036A [debug] Node port message: ==> jason


21:18:37.313 instance_id=19D30CA036A [debug] Node port message: Compiling 10 files (.ex)


21:18:37.341 instance_id=19D30CA036A [debug] Node port message: 
21:18:37.340 [debug] sent notification server -> client $/progress


21:18:37.344 instance_id=19D30CA036A [debug] Node port message: 
21:18:37.344 [debug] sent notification server -> client $/progress


21:18:37.348 instance_id=19D30CA036A [debug] Node port message: 
21:18:37.347 [debug] sent notification server -> client $/progress


21:18:37.351 instance_id=19D30CA036A [debug] Node port message: 
21:18:37.351 [debug] sent notification server -> client $/progress


21:18:37.354 instance_id=19D30CA036A [debug] Node port message: 
21:18:37.354 [debug] sent notification server -> client $/progress


21:18:37.356 instance_id=19D30CA036A [debug] Node port message: 
21:18:37.356 [debug] sent notification server -> client $/progress


21:18:37.359 instance_id=19D30CA036A [debug] handled notification client -> server workspace/didChangeWatchedFiles in 72ms

21:18:37.360 instance_id=19D30CA036A [debug] Node port message: 
21:18:37.360 [debug] sent notification server -> client $/progress


21:18:37.364 instance_id=19D30CA036A [debug] Node port message: 
21:18:37.364 [debug] sent notification server -> client $/progress


21:18:37.372 instance_id=19D30CA036A [debug] Node port message: 
21:18:37.372 [debug] sent notification server -> client $/progress


21:18:37.375 instance_id=19D30CA036A [debug] Node port message: 
21:18:37.375 [debug] sent notification server -> client $/progress


21:18:37.387 instance_id=19D30CA036A [debug] Node port message: 
21:18:37.387 [debug] sent notification server -> client $/progress


21:18:37.395 instance_id=19D30CA036A [debug] Node port message: 
21:18:37.394 [debug] sent notification server -> client $/progress


21:18:37.399 instance_id=19D30CA036A [debug] Node port message: 
21:18:37.399 [debug] sent notification server -> client $/progress


21:18:37.406 instance_id=19D30CA036A [debug] Node port message: 
21:18:37.405 [debug] sent notification server -> client $/progress


21:18:37.413 instance_id=19D30CA036A [debug] Node port message: 
21:18:37.413 [debug] sent notification server -> client $/progress


21:18:37.419 instance_id=19D30CA036A [debug] Node port message: 
21:18:37.419 [debug] sent notification server -> client $/progress


21:18:37.426 instance_id=19D30CA036A [debug] Node port message: 
21:18:37.426 [debug] sent notification server -> client $/progress


21:18:37.426 instance_id=19D30CA036A [debug] Node port message: 
21:18:37.426 [debug] sent notification server -> client $/progress


21:18:37.432 instance_id=19D30CA036A [debug] Node port message: 
21:18:37.431 [debug] sent notification server -> client $/progress


21:18:37.438 instance_id=19D30CA036A [debug] Node port message: 
21:18:37.438 [debug] sent notification server -> client $/progress


21:18:37.446 instance_id=19D30CA036A [debug] Node port message: 
21:18:37.445 [debug] sent notification server -> client $/progress


21:18:37.452 instance_id=19D30CA036A [debug] Node port message: 
21:18:37.452 [debug] sent notification server -> client $/progress


21:18:37.459 instance_id=19D30CA036A [debug] Node port message: 
21:18:37.459 [debug] sent notification server -> client $/progress


21:18:37.466 instance_id=19D30CA036A [debug] Node port message: 
21:18:37.466 [debug] sent notification server -> client $/progress


21:18:37.471 instance_id=19D30CA036A [debug] Node port message: 
21:18:37.471 [debug] sent notification server -> client $/progress


21:18:37.717 instance_id=19D30CA036A [debug] Node port message: 
21:18:37.716 [debug] sent notification server -> client $/progress


21:18:37.828 instance_id=19D30CA036A [debug] Node port message: 
21:18:37.828 [debug] sent notification server -> client $/progress


21:18:37.930 instance_id=19D30CA036A [debug] Node port message:      warning: Jason.Encoder.encode/2 is undefined (module Jason.Encoder is not available or is yet to be defined). Did you mean:

           * Jason.Encoder.encode/2
           * XPJason.Encoder.encode/2

     │
 109 │     Encoder.encode(value, {escape, encode_map})
     │             ~
     │
     └─ lib/encode.ex:109:13: Jason.Encode.value/3
     └─ lib/encode.ex:258:13: Jason.Encode.struct/4



21:18:37.933 instance_id=19D30CA036A [debug] Node port message: Generated jason app


21:18:37.943 instance_id=19D30CA036A [debug] Node port message: ==> plug_crypto


21:18:37.943 instance_id=19D30CA036A [debug] Node port message: Compiling 5 files (.ex)


21:18:37.954 instance_id=19D30CA036A [debug] Node port message: 
21:18:37.954 [debug] sent notification server -> client $/progress


21:18:37.963 instance_id=19D30CA036A [debug] Node port message: 
21:18:37.963 [debug] sent notification server -> client $/progress


21:18:37.966 instance_id=19D30CA036A [debug] Node port message: 
21:18:37.966 [debug] sent notification server -> client $/progress


21:18:37.972 instance_id=19D30CA036A [debug] Node port message: 
21:18:37.972 [debug] sent notification server -> client $/progress


21:18:37.985 instance_id=19D30CA036A [debug] Node port message: 
21:18:37.985 [debug] sent notification server -> client $/progress


21:18:37.996 instance_id=19D30CA036A [debug] Node port message: Generated plug_crypto app


21:18:38.005 instance_id=19D30CA036A [debug] Node port message: ==> hpax


21:18:38.005 instance_id=19D30CA036A [debug] Node port message: Compiling 4 files (.ex)


21:18:38.021 instance_id=19D30CA036A [debug] Node port message: 
21:18:38.020 [debug] sent notification server -> client $/progress


21:18:38.050 instance_id=19D30CA036A [debug] Node port message: 
21:18:38.049 [debug] sent notification server -> client $/progress


21:18:38.053 instance_id=19D30CA036A [debug] Node port message: 
21:18:38.053 [debug] sent notification server -> client $/progress


21:18:38.162 instance_id=19D30CA036A [debug] Node port message: 
21:18:38.162 [debug] sent notification server -> client $/progress


21:18:38.170 instance_id=19D30CA036A [debug] Node port message: Generated hpax app


21:18:38.182 instance_id=19D30CA036A [debug] Node port message: ==> mint


21:18:38.182 instance_id=19D30CA036A [debug] Node port message: Compiling 1 file (.erl)


21:18:38.214 instance_id=19D30CA036A [debug] Node port message: Compiling 20 files (.ex)


21:18:38.217 instance_id=19D30CA036A [debug] Node port message:     warning: redefining module Mint.Application (current version loaded from /Users/aoeu/Library/Caches/expert/0.1.0-rc.6/ex-1.19.5-erl-16.2/uyfi4-zJtG4Rq8fhqy_xJQ/_build/dev_ns/lib/xp_mint/ebin/Elixir.Mint.Application.beam)
    │
  1 │ defmodule Mint.Application do
    │ ~~~~~~~~~~~~~~~~~~~~~~~~~~~~~
    │
    └─ lib/mint/application.ex:1: Mint.Application (module)



21:18:38.219 instance_id=19D30CA036A [debug] Node port message:     warning: redefining module Mint.Core.Conn (current version loaded from /Users/aoeu/Library/Caches/expert/0.1.0-rc.6/ex-1.19.5-erl-16.2/uyfi4-zJtG4Rq8fhqy_xJQ/_build/dev_ns/lib/xp_mint/ebin/Elixir.Mint.Core.Conn.beam)
    │
  1 │ defmodule Mint.Core.Conn do
    │ ~~~~~~~~~~~~~~~~~~~~~~~~~~~
    │
    └─ lib/mint/core/conn.ex:1: Mint.Core.Conn (module)



21:18:38.220 instance_id=19D30CA036A [debug] Node port message:     warning: redefining module Mint.Core.Transport (current version loaded from /Users/aoeu/Library/Caches/expert/0.1.0-rc.6/ex-1.19.5-erl-16.2/uyfi4-zJtG4Rq8fhqy_xJQ/_build/dev_ns/lib/xp_mint/ebin/Elixir.Mint.Core.Transport.beam)
    │
  1 │ defmodule Mint.Core.Transport do
    │ ~~~~~~~~~~~~~~~~~~~~~~~~~~~~~~~~
    │
    └─ lib/mint/core/transport.ex:1: Mint.Core.Transport (module)



21:18:38.222 instance_id=19D30CA036A [debug] Node port message:     warning: redefining module Mint.Core.Headers (current version loaded from /Users/aoeu/Library/Caches/expert/0.1.0-rc.6/ex-1.19.5-erl-16.2/uyfi4-zJtG4Rq8fhqy_xJQ/_build/dev_ns/lib/xp_mint/ebin/Elixir.Mint.Core.Headers.beam)
    │
  1 │ defmodule Mint.Core.Headers do
    │ ~~~~~~~~~~~~~~~~~~~~~~~~~~~~~~
    │
    └─ lib/mint/core/headers.ex:1: Mint.Core.Headers (module)



21:18:38.223 instance_id=19D30CA036A [debug] Node port message:     warning: redefining module Mint.Core.Transport.TCP (current version loaded from /Users/aoeu/Library/Caches/expert/0.1.0-rc.6/ex-1.19.5-erl-16.2/uyfi4-zJtG4Rq8fhqy_xJQ/_build/dev_ns/lib/xp_mint/ebin/Elixir.Mint.Core.Transport.TCP.beam)
    │
  1 │ defmodule Mint.Core.Transport.TCP do
    │ ~~~~~~~~~~~~~~~~~~~~~~~~~~~~~~~~~~~~
    │
    └─ lib/mint/core/transport/tcp.ex:1: Mint.Core.Transport.TCP (module)



21:18:38.224 instance_id=19D30CA036A [debug] Node port message:     warning: redefining module Mint.Core.Util (current version loaded from /Users/aoeu/Library/Caches/expert/0.1.0-rc.6/ex-1.19.5-erl-16.2/uyfi4-zJtG4Rq8fhqy_xJQ/_build/dev_ns/lib/xp_mint/ebin/Elixir.Mint.Core.Util.beam)
    │
  1 │ defmodule Mint.Core.Util do
    │ ~~~~~~~~~~~~~~~~~~~~~~~~~~~
    │
    └─ lib/mint/core/util.ex:1: Mint.Core.Util (module)



21:18:38.227 instance_id=19D30CA036A [debug] Node port message:     warning: redefining module Mint.HTTP1.Parse (current version loaded from /Users/aoeu/Library/Caches/expert/0.1.0-rc.6/ex-1.19.5-erl-16.2/uyfi4-zJtG4Rq8fhqy_xJQ/_build/dev_ns/lib/xp_mint/ebin/Elixir.Mint.HTTP1.Parse.beam)
    │
  1 │ defmodule Mint.HTTP1.Parse do
    │ ~~~~~~~~~~~~~~~~~~~~~~~~~~~~~
    │
    └─ lib/mint/http1/parse.ex:1: Mint.HTTP1.Parse (module)



21:18:38.227 instance_id=19D30CA036A [debug] Node port message:     warning: redefining module Mint.HTTP1.Request (current version loaded from /Users/aoeu/Library/Caches/expert/0.1.0-rc.6/ex-1.19.5-erl-16.2/uyfi4-zJtG4Rq8fhqy_xJQ/_build/dev_ns/lib/xp_mint/ebin/Elixir.Mint.HTTP1.Request.beam)
    │
  1 │ defmodule Mint.HTTP1.Request do
    │ ~~~~~~~~~~~~~~~~~~~~~~~~~~~~~~~
    │
    └─ lib/mint/http1/request.ex:1: Mint.HTTP1.Request (module)



21:18:38.228 instance_id=19D30CA036A [debug] Node port message:     warning: redefining module Mint.Core.Transport.SSL (current version loaded from /Users/aoeu/Library/Caches/expert/0.1.0-rc.6/ex-1.19.5-erl-16.2/uyfi4-zJtG4Rq8fhqy_xJQ/_build/dev_ns/lib/xp_mint/ebin/Elixir.Mint.Core.Transport.SSL.beam)
    │
  1 │ defmodule Mint.Core.Transport.SSL do
    │ ~~~~~~~~~~~~~~~~~~~~~~~~~~~~~~~~~~~~
    │
    └─ lib/mint/core/transport/ssl.ex:1: Mint.Core.Transport.SSL (module)



21:18:38.230 instance_id=19D30CA036A [debug] Node port message:     warning: redefining module Mint.HTTP1.Response (current version loaded from /Users/aoeu/Library/Caches/expert/0.1.0-rc.6/ex-1.19.5-erl-16.2/uyfi4-zJtG4Rq8fhqy_xJQ/_build/dev_ns/lib/xp_mint/ebin/Elixir.Mint.HTTP1.Response.beam)
    │
  1 │ defmodule Mint.HTTP1.Response do
    │ ~~~~~~~~~~~~~~~~~~~~~~~~~~~~~~~~
    │
    └─ lib/mint/http1/response.ex:1: Mint.HTTP1.Response (module)



21:18:38.230 instance_id=19D30CA036A [debug] Node port message:     warning: redefining module Mint.HTTPError (current version loaded from /Users/aoeu/Library/Caches/expert/0.1.0-rc.6/ex-1.19.5-erl-16.2/uyfi4-zJtG4Rq8fhqy_xJQ/_build/dev_ns/lib/xp_mint/ebin/Elixir.Mint.HTTPError.beam)
    │
  1 │ defmodule Mint.HTTPError do
    │ ~~~~~~~~~~~~~~~~~~~~~~~~~~~
    │
    └─ lib/mint/http_error.ex:1: Mint.HTTPError (module)



21:18:38.232 instance_id=19D30CA036A [debug] Node port message:     warning: redefining module Mint.HTTP (current version loaded from /Users/aoeu/Library/Caches/expert/0.1.0-rc.6/ex-1.19.5-erl-16.2/uyfi4-zJtG4Rq8fhqy_xJQ/_build/dev_ns/lib/xp_mint/ebin/Elixir.Mint.HTTP.beam)
    │
  1 │ defmodule Mint.HTTP do
    │ ~~~~~~~~~~~~~~~~~~~~~~
    │
    └─ lib/mint/http.ex:1: Mint.HTTP (module)



21:18:38.233 instance_id=19D30CA036A [debug] Node port message:     warning: redefining module Mint.Negotiate (current version loaded from /Users/aoeu/Library/Caches/expert/0.1.0-rc.6/ex-1.19.5-erl-16.2/uyfi4-zJtG4Rq8fhqy_xJQ/_build/dev_ns/lib/xp_mint/ebin/Elixir.Mint.Negotiate.beam)
    │
  1 │ defmodule Mint.Negotiate do
    │ ~~~~~~~~~~~~~~~~~~~~~~~~~~~
    │
    └─ lib/mint/negotiate.ex:1: Mint.Negotiate (module)



21:18:38.233 instance_id=19D30CA036A [debug] Node port message:     warning: redefining module Mint.HTTP2.Frame (current version loaded from /Users/aoeu/Library/Caches/expert/0.1.0-rc.6/ex-1.19.5-erl-16.2/uyfi4-zJtG4Rq8fhqy_xJQ/_build/dev_ns/lib/xp_mint/ebin/Elixir.Mint.HTTP2.Frame.beam)
    │
  1 │ defmodule Mint.HTTP2.Frame do
    │ ~~~~~~~~~~~~~~~~~~~~~~~~~~~~~
    │
    └─ lib/mint/http2/frame.ex:1: Mint.HTTP2.Frame (module)



21:18:38.234 instance_id=19D30CA036A [debug] Node port message:     warning: redefining module Mint.HTTP1 (current version loaded from /Users/aoeu/Library/Caches/expert/0.1.0-rc.6/ex-1.19.5-erl-16.2/uyfi4-zJtG4Rq8fhqy_xJQ/_build/dev_ns/lib/xp_mint/ebin/Elixir.Mint.HTTP1.beam)
    │
  1 │ defmodule Mint.HTTP1 do
    │ ~~~~~~~~~~~~~~~~~~~~~~~
    │
    └─ lib/mint/http1.ex:1: Mint.HTTP1 (module)



21:18:38.238 instance_id=19D30CA036A [debug] Node port message:     warning: redefining module Mint.HTTP2 (current version loaded from /Users/aoeu/Library/Caches/expert/0.1.0-rc.6/ex-1.19.5-erl-16.2/uyfi4-zJtG4Rq8fhqy_xJQ/_build/dev_ns/lib/xp_mint/ebin/Elixir.Mint.HTTP2.beam)
    │
  1 │ defmodule Mint.HTTP2 do
    │ ~~~~~~~~~~~~~~~~~~~~~~~
    │
    └─ lib/mint/http2.ex:1: Mint.HTTP2 (module)



21:18:38.240 instance_id=19D30CA036A [debug] Node port message: 
21:18:38.239 [debug] sent notification server -> client $/progress


21:18:38.248 instance_id=19D30CA036A [debug] Node port message: 
21:18:38.247 [debug] sent notification server -> client $/progress


21:18:38.248 instance_id=19D30CA036A [debug] Node port message:     warning: redefining module Mint.TransportError (current version loaded from /Users/aoeu/Library/Caches/expert/0.1.0-rc.6/ex-1.19.5-erl-16.2/uyfi4-zJtG4Rq8fhqy_xJQ/_build/dev_ns/lib/xp_mint/ebin/Elixir.Mint.TransportError.beam)
    │
  1 │ defmodule Mint.TransportError do
    │ ~~~~~~~~~~~~~~~~~~~~~~~~~~~~~~~~
    │
    └─ lib/mint/transport_error.ex:1: Mint.TransportError (module)



21:18:38.249 instance_id=19D30CA036A [debug] Node port message: 
21:18:38.249 [debug] sent notification server -> client $/progress


21:18:38.249 instance_id=19D30CA036A [debug] Node port message: 
21:18:38.249 [debug] sent notification server -> client $/progress


21:18:38.253 instance_id=19D30CA036A [debug] Node port message: 
21:18:38.253 [debug] sent notification server -> client $/progress


21:18:38.253 instance_id=19D30CA036A [debug] Node port message: 
21:18:38.253 [debug] sent notification server -> client $/progress


21:18:38.256 instance_id=19D30CA036A [debug] Node port message:     warning: redefining module Mint.UnsafeProxy (current version loaded from /Users/aoeu/Library/Caches/expert/0.1.0-rc.6/ex-1.19.5-erl-16.2/uyfi4-zJtG4Rq8fhqy_xJQ/_build/dev_ns/lib/xp_mint/ebin/Elixir.Mint.UnsafeProxy.beam)
    │
  1 │ defmodule Mint.UnsafeProxy do
    │ ~~~~~~~~~~~~~~~~~~~~~~~~~~~~~
    │
    └─ lib/mint/unsafe_proxy.ex:1: Mint.UnsafeProxy (module)



21:18:38.258 instance_id=19D30CA036A [debug] Node port message: 
21:18:38.257 [debug] sent notification server -> client $/progress


21:18:38.258 instance_id=19D30CA036A [debug] Node port message:     warning: redefining module Mint.TunnelProxy (current version loaded from /Users/aoeu/Library/Caches/expert/0.1.0-rc.6/ex-1.19.5-erl-16.2/uyfi4-zJtG4Rq8fhqy_xJQ/_build/dev_ns/lib/xp_mint/ebin/Elixir.Mint.TunnelProxy.beam)
    │
  1 │ defmodule Mint.TunnelProxy do
    │ ~~~~~~~~~~~~~~~~~~~~~~~~~~~~~
    │
    └─ lib/mint/tunnel_proxy.ex:1: Mint.TunnelProxy (module)



21:18:38.259 instance_id=19D30CA036A [debug] Node port message:     warning: redefining module Mint.Types (current version loaded from /Users/aoeu/Library/Caches/expert/0.1.0-rc.6/ex-1.19.5-erl-16.2/uyfi4-zJtG4Rq8fhqy_xJQ/_build/dev_ns/lib/xp_mint/ebin/Elixir.Mint.Types.beam)
    │
  1 │ defmodule Mint.Types do
    │ ~~~~~~~~~~~~~~~~~~~~~~~
    │
    └─ lib/mint/types.ex:1: Mint.Types (module)



21:18:38.259 instance_id=19D30CA036A [debug] Node port message: 
21:18:38.259 [debug] sent notification server -> client $/progress


21:18:38.260 instance_id=19D30CA036A [debug] Node port message: 
21:18:38.260 [debug] sent notification server -> client $/progress


21:18:38.261 instance_id=19D30CA036A [debug] Node port message: 
21:18:38.260 [debug] sent notification server -> client $/progress


21:18:38.264 instance_id=19D30CA036A [debug] Node port message: 
21:18:38.263 [debug] sent notification server -> client $/progress


21:18:38.266 instance_id=19D30CA036A [debug] Node port message: 
21:18:38.266 [debug] sent notification server -> client $/progress


21:18:38.266 instance_id=19D30CA036A [debug] Node port message: 
21:18:38.266 [debug] sent notification server -> client $/progress


21:18:38.279 instance_id=19D30CA036A [debug] Node port message: 
21:18:38.278 [debug] sent notification server -> client $/progress


21:18:38.281 instance_id=19D30CA036A [debug] Node port message: 
21:18:38.280 [debug] sent notification server -> client $/progress


21:18:38.281 instance_id=19D30CA036A [debug] Node port message: 
21:18:38.281 [debug] sent notification server -> client $/progress


21:18:38.295 instance_id=19D30CA036A [debug] Node port message: 
21:18:38.295 [debug] sent notification server -> client $/progress


21:18:38.300 instance_id=19D30CA036A [debug] Node port message: 
21:18:38.300 [debug] sent notification server -> client $/progress


21:18:38.367 instance_id=19D30CA036A [debug] Node port message: 
21:18:38.366 [debug] sent notification server -> client $/progress


21:18:38.474 instance_id=19D30CA036A [debug] Node port message: 
21:18:38.474 [debug] sent notification server -> client $/progress


21:18:38.497 instance_id=19D30CA036A [debug] Node port message: Generated mint app


21:18:38.735 instance_id=19D30CA036A [debug] Node port message: ==> anthropix


21:18:38.735 instance_id=19D30CA036A [debug] Node port message: ===> Analyzing applications...


21:18:38.759 instance_id=19D30CA036A [debug] Node port message: ===> Compiling telemetry


21:18:38.869 instance_id=19D30CA036A [debug] Node port message: ==> plug


21:18:38.869 instance_id=19D30CA036A [debug] Node port message: Compiling 1 file (.erl)


21:18:38.921 instance_id=19D30CA036A [debug] Node port message: Compiling 42 files (.ex)


21:18:38.962 instance_id=19D30CA036A [debug] Node port message: 
21:18:38.962 [debug] sent notification server -> client $/progress


21:18:38.969 instance_id=19D30CA036A [debug] Node port message: 
21:18:38.968 [debug] sent notification server -> client $/progress


21:18:38.972 instance_id=19D30CA036A [debug] Node port message: 
21:18:38.972 [debug] sent notification server -> client $/progress


21:18:38.976 instance_id=19D30CA036A [debug] Node port message: 
21:18:38.976 [debug] sent notification server -> client $/progress


21:18:38.977 instance_id=19D30CA036A [debug] Node port message: 
21:18:38.976 [debug] sent notification server -> client $/progress


21:18:38.985 instance_id=19D30CA036A [debug] Node port message: 
21:18:38.984 [debug] sent notification server -> client $/progress


21:18:38.988 instance_id=19D30CA036A [debug] Node port message: 
21:18:38.988 [debug] sent notification server -> client $/progress


21:18:38.991 instance_id=19D30CA036A [debug] Node port message: 
21:18:38.991 [debug] sent notification server -> client $/progress


21:18:38.997 instance_id=19D30CA036A [debug] Node port message: 
21:18:38.996 [debug] sent notification server -> client $/progress


21:18:39.001 instance_id=19D30CA036A [debug] Node port message: 
21:18:39.001 [debug] sent notification server -> client $/progress


21:18:39.005 instance_id=19D30CA036A [debug] Node port message: 
21:18:39.005 [debug] sent notification server -> client $/progress


21:18:39.010 instance_id=19D30CA036A [debug] Node port message: 
21:18:39.010 [debug] sent notification server -> client $/progress


21:18:39.016 instance_id=19D30CA036A [debug] Node port message: 
21:18:39.016 [debug] sent notification server -> client $/progress


21:18:39.021 instance_id=19D30CA036A [debug] Node port message: 
21:18:39.021 [debug] sent notification server -> client $/progress


21:18:39.021 instance_id=19D30CA036A [debug] Node port message: 
21:18:39.021 [debug] sent notification server -> client $/progress


21:18:39.021 instance_id=19D30CA036A [debug] Node port message: 
21:18:39.021 [debug] sent notification server -> client $/progress


21:18:39.025 instance_id=19D30CA036A [debug] Node port message: 
21:18:39.025 [debug] sent notification server -> client $/progress


21:18:39.028 instance_id=19D30CA036A [debug] Node port message: 
21:18:39.027 [debug] sent notification server -> client $/progress


21:18:39.032 instance_id=19D30CA036A [debug] Node port message: 
21:18:39.032 [debug] sent notification server -> client $/progress


21:18:39.035 instance_id=19D30CA036A [debug] Node port message: 
21:18:39.035 [debug] sent notification server -> client $/progress


21:18:39.040 instance_id=19D30CA036A [debug] Node port message: 
21:18:39.040 [debug] sent notification server -> client $/progress


21:18:39.043 instance_id=19D30CA036A [debug] Node port message: 
21:18:39.043 [debug] sent notification server -> client $/progress


21:18:39.046 instance_id=19D30CA036A [debug] Node port message: 
21:18:39.046 [debug] sent notification server -> client $/progress


21:18:39.049 instance_id=19D30CA036A [debug] Node port message: 
21:18:39.049 [debug] sent notification server -> client $/progress


21:18:39.052 instance_id=19D30CA036A [debug] Node port message: 
21:18:39.052 [debug] sent notification server -> client $/progress


21:18:39.055 instance_id=19D30CA036A [debug] Node port message: 
21:18:39.055 [debug] sent notification server -> client $/progress


21:18:39.059 instance_id=19D30CA036A [debug] Node port message: 
21:18:39.058 [debug] sent notification server -> client $/progress


21:18:39.061 instance_id=19D30CA036A [debug] Node port message: 
21:18:39.061 [debug] sent notification server -> client $/progress


21:18:39.066 instance_id=19D30CA036A [debug] Node port message: 
21:18:39.065 [debug] sent notification server -> client $/progress


21:18:39.066 instance_id=19D30CA036A [debug] Node port message: 
21:18:39.066 [debug] sent notification server -> client $/progress


21:18:39.074 instance_id=19D30CA036A [debug] Node port message: 
21:18:39.074 [debug] sent notification server -> client $/progress


21:18:39.076 instance_id=19D30CA036A [debug] Node port message: 
21:18:39.076 [debug] sent notification server -> client $/progress


21:18:39.079 instance_id=19D30CA036A [debug] Node port message: 
21:18:39.079 [debug] sent notification server -> client $/progress


21:18:39.080 instance_id=19D30CA036A [debug] Node port message: 
21:18:39.080 [debug] sent notification server -> client $/progress


21:18:39.082 instance_id=19D30CA036A [debug] Node port message: 
21:18:39.082 [debug] sent notification server -> client $/progress


21:18:39.083 instance_id=19D30CA036A [debug] Node port message: 
21:18:39.083 [debug] sent notification server -> client $/progress


21:18:39.084 instance_id=19D30CA036A [debug] Node port message: 
21:18:39.084 [debug] sent notification server -> client $/progress


21:18:39.085 instance_id=19D30CA036A [debug] Node port message: 
21:18:39.085 [debug] sent notification server -> client $/progress


21:18:39.087 instance_id=19D30CA036A [debug] Node port message: 
21:18:39.087 [debug] sent notification server -> client $/progress


21:18:39.088 instance_id=19D30CA036A [debug] Node port message: 
21:18:39.088 [debug] sent notification server -> client $/progress


21:18:39.089 instance_id=19D30CA036A [debug] Node port message: 
21:18:39.089 [debug] sent notification server -> client $/progress


21:18:39.090 instance_id=19D30CA036A [debug] Node port message: 
21:18:39.090 [debug] sent notification server -> client $/progress


21:18:39.091 instance_id=19D30CA036A [debug] Node port message: 
21:18:39.091 [debug] sent notification server -> client $/progress


21:18:39.092 instance_id=19D30CA036A [debug] Node port message: 
21:18:39.091 [debug] sent notification server -> client $/progress


21:18:39.095 instance_id=19D30CA036A [debug] Node port message: 
21:18:39.094 [debug] sent notification server -> client $/progress


21:18:39.102 instance_id=19D30CA036A [debug] Node port message: 
21:18:39.102 [debug] sent notification server -> client $/progress


21:18:39.108 instance_id=19D30CA036A [debug] Node port message: 
21:18:39.108 [debug] sent notification server -> client $/progress


21:18:39.113 instance_id=19D30CA036A [debug] Node port message: 
21:18:39.113 [debug] sent notification server -> client $/progress


21:18:39.124 instance_id=19D30CA036A [debug] Node port message: 
21:18:39.124 [debug] sent notification server -> client $/progress


21:18:39.131 instance_id=19D30CA036A [debug] Node port message: 
21:18:39.131 [debug] sent notification server -> client $/progress


21:18:39.194 instance_id=19D30CA036A [debug] Node port message: 
21:18:39.193 [debug] sent notification server -> client $/progress


21:18:39.210 instance_id=19D30CA036A [debug] Node port message: 
21:18:39.209 [debug] sent notification server -> client $/progress


21:18:39.211 instance_id=19D30CA036A [debug] Node port message: 
21:18:39.211 [debug] sent notification server -> client $/progress


21:18:39.213 instance_id=19D30CA036A [debug] Node port message: 
21:18:39.213 [debug] sent notification server -> client $/progress


21:18:39.214 instance_id=19D30CA036A [debug] Node port message: 
21:18:39.214 [debug] sent notification server -> client $/progress


21:18:39.215 instance_id=19D30CA036A [debug] Node port message: 
21:18:39.215 [debug] sent notification server -> client $/progress


21:18:39.224 instance_id=19D30CA036A [debug] Node port message: 
21:18:39.224 [debug] sent notification server -> client $/progress


21:18:39.232 instance_id=19D30CA036A [debug] Node port message: 
21:18:39.232 [debug] sent notification server -> client $/progress


21:18:39.245 instance_id=19D30CA036A [debug] Node port message: 
21:18:39.245 [debug] sent notification server -> client $/progress


21:18:39.246 instance_id=19D30CA036A [debug] Node port message: 
21:18:39.246 [debug] sent notification server -> client $/progress


21:18:39.679 instance_id=19D30CA036A [debug] Node port message: 
21:18:39.679 [debug] sent notification server -> client $/progress


21:18:39.758 instance_id=19D30CA036A [debug] Node port message:      warning: Plug.Exception.status/1 is undefined (module Plug.Exception is not available or is yet to be defined). Did you mean:

           * Plug.Exception.status/1

     │
 119 │   defp status(:error, error), do: Plug.Exception.status(error)
     │                                                  ~
     │
     └─ lib/plug/error_handler.ex:119:50: Plug.ErrorHandler.status/2



21:18:39.800 instance_id=19D30CA036A [debug] Node port message:      warning: Plug.Exception.actions/1 is undefined (module Plug.Exception is not available or is yet to be defined). Did you mean:

           * Plug.Exception.actions/1

     │
 272 │       actions = Plug.Exception.actions(exception)
     │                                ~
     │
     └─ lib/plug/debugger.ex:272:32: Plug.Debugger.encoded_actions_for_exception/2



21:18:39.801 instance_id=19D30CA036A [debug] Node port message:      warning: Plug.Exception.status/1 is undefined (module Plug.Exception is not available or is yet to be defined). Did you mean:

           * Plug.Exception.status/1

     │
 325 │   defp status(:error, error), do: Plug.Exception.status(error)
     │                                                  ~
     │
     └─ lib/plug/debugger.ex:325:50: Plug.Debugger.status/2



21:18:39.804 instance_id=19D30CA036A [debug] Node port message: Generated plug app


21:18:39.816 instance_id=19D30CA036A [debug] Node port message: ==> nimble_pool


21:18:39.816 instance_id=19D30CA036A [debug] Node port message: Compiling 2 files (.ex)


21:18:39.824 instance_id=19D30CA036A [debug] Node port message: 
21:18:39.823 [debug] sent notification server -> client $/progress


21:18:39.901 instance_id=19D30CA036A [debug] Node port message: 
21:18:39.900 [debug] sent notification server -> client $/progress


21:18:39.911 instance_id=19D30CA036A [debug] Node port message: Generated nimble_pool app


21:18:39.928 instance_id=19D30CA036A [debug] Node port message: ==> finch


21:18:39.928 instance_id=19D30CA036A [debug] Node port message: Compiling 14 files (.ex)


21:18:39.958 instance_id=19D30CA036A [debug] Node port message: 
21:18:39.958 [debug] sent notification server -> client $/progress


21:18:39.963 instance_id=19D30CA036A [debug] Node port message: 
21:18:39.962 [debug] sent notification server -> client $/progress


21:18:39.966 instance_id=19D30CA036A [debug] Node port message: 
21:18:39.966 [debug] sent notification server -> client $/progress


21:18:39.969 instance_id=19D30CA036A [debug] Node port message: 
21:18:39.969 [debug] sent notification server -> client $/progress


21:18:39.973 instance_id=19D30CA036A [debug] Node port message: 
21:18:39.972 [debug] sent notification server -> client $/progress


21:18:39.974 instance_id=19D30CA036A [debug] Node port message: 
21:18:39.974 [debug] sent notification server -> client $/progress


21:18:39.976 instance_id=19D30CA036A [debug] Node port message: 
21:18:39.976 [debug] sent notification server -> client $/progress


21:18:39.978 instance_id=19D30CA036A [debug] Node port message: 
21:18:39.978 [debug] sent notification server -> client $/progress


21:18:39.979 instance_id=19D30CA036A [debug] Node port message: 
21:18:39.979 [debug] sent notification server -> client $/progress


21:18:39.984 instance_id=19D30CA036A [debug] Node port message: 
21:18:39.984 [debug] sent notification server -> client $/progress


21:18:39.995 instance_id=19D30CA036A [debug] Node port message: 
21:18:39.994 [debug] sent notification server -> client $/progress


21:18:40.008 instance_id=19D30CA036A [debug] Node port message: 
21:18:40.008 [debug] sent notification server -> client $/progress


21:18:40.010 instance_id=19D30CA036A [debug] Node port message: 
21:18:40.010 [debug] sent notification server -> client $/progress


21:18:40.010 instance_id=19D30CA036A [debug] Node port message: 
21:18:40.010 [debug] sent notification server -> client $/progress


21:18:40.090 instance_id=19D30CA036A [debug] Node port message: 
21:18:40.090 [debug] sent notification server -> client $/progress


21:18:40.114 instance_id=19D30CA036A [debug] Node port message: Generated finch app


21:18:40.131 instance_id=19D30CA036A [debug] Node port message: ==> req


21:18:40.131 instance_id=19D30CA036A [debug] Node port message: Compiling 19 files (.ex)


21:18:40.163 instance_id=19D30CA036A [debug] Node port message: 
21:18:40.162 [debug] sent notification server -> client $/progress


21:18:40.177 instance_id=19D30CA036A [debug] Node port message: 
21:18:40.176 [debug] sent notification server -> client $/progress


21:18:40.179 instance_id=19D30CA036A [debug] Node port message: 
21:18:40.179 [debug] sent notification server -> client $/progress


21:18:40.180 instance_id=19D30CA036A [debug] Node port message: 
21:18:40.180 [debug] sent notification server -> client $/progress


21:18:40.182 instance_id=19D30CA036A [debug] Node port message: 
21:18:40.182 [debug] sent notification server -> client $/progress


21:18:40.182 instance_id=19D30CA036A [debug] Node port message: 
21:18:40.182 [debug] sent notification server -> client $/progress


21:18:40.186 instance_id=19D30CA036A [debug] Node port message: 
21:18:40.186 [debug] sent notification server -> client $/progress


21:18:40.187 instance_id=19D30CA036A [debug] Node port message: 
21:18:40.187 [debug] sent notification server -> client $/progress


21:18:40.190 instance_id=19D30CA036A [debug] Node port message: 
21:18:40.190 [debug] sent notification server -> client $/progress


21:18:40.190 instance_id=19D30CA036A [debug] Node port message: 
21:18:40.190 [debug] sent notification server -> client $/progress


21:18:40.193 instance_id=19D30CA036A [debug] Node port message: 
21:18:40.193 [debug] sent notification server -> client $/progress


21:18:40.210 instance_id=19D30CA036A [debug] Node port message: 
21:18:40.210 [debug] sent notification server -> client $/progress


21:18:40.211 instance_id=19D30CA036A [debug] Node port message: 
21:18:40.211 [debug] sent notification server -> client $/progress


21:18:40.212 instance_id=19D30CA036A [debug] Node port message: 
21:18:40.212 [debug] sent notification server -> client $/progress


21:18:40.217 instance_id=19D30CA036A [debug] Node port message: 
21:18:40.216 [debug] sent notification server -> client $/progress


21:18:40.236 instance_id=19D30CA036A [debug] Node port message: 
21:18:40.236 [debug] sent notification server -> client $/progress


21:18:40.239 instance_id=19D30CA036A [debug] Node port message: 
21:18:40.239 [debug] sent notification server -> client $/progress


21:18:40.240 instance_id=19D30CA036A [debug] Node port message: 
21:18:40.240 [debug] sent notification server -> client $/progress


21:18:40.243 instance_id=19D30CA036A [debug] Node port message: 
21:18:40.243 [debug] sent notification server -> client $/progress


21:18:40.251 instance_id=19D30CA036A [debug] Node port message: 
21:18:40.251 [debug] sent notification server -> client $/progress


21:18:40.272 instance_id=19D30CA036A [debug] Node port message: 
21:18:40.272 [debug] sent notification server -> client $/progress


21:18:40.302 instance_id=19D30CA036A [debug] Node port message: 
21:18:40.302 [debug] sent notification server -> client $/progress


21:18:40.442 instance_id=19D30CA036A [debug] Node port message: 
21:18:40.442 [debug] sent notification server -> client $/progress


21:18:40.463 instance_id=19D30CA036A [debug] Node port message: 
21:18:40.463 [debug] sent notification server -> client $/progress


21:18:40.503 instance_id=19D30CA036A [debug] Node port message: Generated req app


21:18:40.568 instance_id=19D30CA036A [debug] Node port message: ==> anthropix


21:18:40.568 instance_id=19D30CA036A [debug] Node port message: Compiling 4 files (.ex)


21:18:40.577 instance_id=19D30CA036A [debug] Node port message: 
21:18:40.577 [debug] sent notification server -> client $/progress


21:18:40.580 instance_id=19D30CA036A [debug] Node port message: 
21:18:40.579 [debug] sent notification server -> client $/progress


21:18:40.610 instance_id=19D30CA036A [debug] Node port message: 
21:18:40.610 [debug] sent notification server -> client $/progress


21:18:40.626 instance_id=19D30CA036A [debug] Node port message: 
21:18:40.626 [debug] sent notification server -> client $/progress


21:18:40.636 instance_id=19D30CA036A [debug] Node port message: Generated anthropix app


21:18:40.640 instance_id=19D30CA036A [debug] Node port message: 
21:18:40.640 [info] Compile completed with status ok Produced 0 diagnostics []


21:18:40.643 instance_id=19D30CA036A [debug] sent notification server -> client window/logMessage

21:18:40.643 instance_id=19D30CA036A [info] Compiled anthropix in 4.3 seconds

21:18:40.643 instance_id=19D30CA036A [debug] Node port message: 
21:18:40.643 [debug] sent notification server -> client $/progress


21:18:40.645 instance_id=19D30CA036A [debug] Node port message: 
21:18:40.645 [info] Plugins found 0 results in 0.004 ms


21:18:40.650 instance_id=19D30CA036A [debug] Node port message: 
21:18:40.650 [info] backend reports empty


21:18:40.679 instance_id=19D30CA036A [debug] Node port message: 
21:18:40.679 [debug] sent request server -> client window/workDoneProgress/create


21:18:40.679 instance_id=19D30CA036A [debug] Node port message: 
21:18:40.679 [debug] sent notification server -> client $/progress


21:18:40.681 instance_id=19D30CA036A [debug] Node port message: 
21:18:40.680 [debug] sent notification server -> client $/progress


21:18:40.681 instance_id=19D30CA036A [debug] Node port message: 
21:18:40.680 [debug] sent notification server -> client $/progress


21:18:40.681 instance_id=19D30CA036A [debug] Node port message: 
21:18:40.681 [debug] sent notification server -> client $/progress


21:18:40.681 instance_id=19D30CA036A [debug] Node port message: 
21:18:40.681 [debug] sent notification server -> client $/progress


21:18:40.681 instance_id=19D30CA036A [debug] Node port message: 
21:18:40.681 [debug] sent notification server -> client $/progress


21:18:40.681 instance_id=19D30CA036A [debug] Node port message: 
21:18:40.681 [debug] sent notification server -> client $/progress


21:18:40.681 instance_id=19D30CA036A [debug] Node port message: 
21:18:40.681 [debug] sent notification server -> client $/progress


21:18:40.682 instance_id=19D30CA036A [debug] Node port message: 
21:18:40.681 [debug] sent notification server -> client $/progress


21:18:40.682 instance_id=19D30CA036A [debug] Node port message: 
21:18:40.681 [debug] sent notification server -> client $/progress


21:18:40.682 instance_id=19D30CA036A [debug] Node port message: 
21:18:40.682 [debug] sent notification server -> client $/progress


21:18:40.682 instance_id=19D30CA036A [debug] Node port message: 
21:18:40.682 [debug] sent notification server -> client $/progress


21:18:40.682 instance_id=19D30CA036A [debug] Node port message: 
21:18:40.682 [debug] sent notification server -> client $/progress


21:18:40.682 instance_id=19D30CA036A [debug] Node port message: 
21:18:40.682 [debug] sent notification server -> client $/progress


21:18:40.682 instance_id=19D30CA036A [debug] Node port message: 
21:18:40.682 [debug] sent notification server -> client $/progress


21:18:41.057 instance_id=19D30CA036A [debug] Node port message: 
21:18:41.057 [error] Could not expand alias: {:^, [line: 949, column: 16], [{:struct_name, [line: 949, column: 17], nil}]} at /Users/aoeu/personal/lang-learn-journal/deps/anthropix/deps/nimble_options/lib/nimble_options.ex 949:15


21:18:42.406 instance_id=19D30CA036A [debug] Node port message: 
21:18:42.406 [warning] nothing to expand (expand_alias was passed nil)


21:18:42.406 instance_id=19D30CA036A [debug] Node port message: 
21:18:42.406 [warning] nothing to expand (expand_alias was passed nil)


21:18:42.495 instance_id=19D30CA036A [debug] Node port message: 
21:18:42.495 [debug] sent notification server -> client $/progress


21:18:51.111 instance_id=19D30CA036A [debug] sent notification server -> client window/logMessage

21:18:51.111 instance_id=19D30CA036A [info] Opened file:///Users/aoeu/personal/lang-learn-journal/config/runtime.exs

21:18:51.111 instance_id=19D30CA036A [debug] handled notification client -> server textDocument/didOpen in 814µs

21:18:56.795 instance_id=19D30CA036A [debug] sent notification server -> client window/logMessage

21:18:56.795 instance_id=19D30CA036A [info] Opened file:///Users/aoeu/personal/lang-learn-journal/mix.exs

21:18:56.795 instance_id=19D30CA036A [debug] handled notification client -> server textDocument/didOpen in 737µs

21:18:56.901 instance_id=19D30CA036A [debug] handled notification client -> server textDocument/didChange in 687µs

21:18:56.962 instance_id=19D30CA036A [debug] sent notification server -> client textDocument/publishDiagnostics

21:18:56.962 instance_id=19D30CA036A [debug] Node port message: 
21:18:56.962 [info] Plugins found 0 results in 0.003 ms


21:18:56.962 instance_id=19D30CA036A [debug] sent notification server -> client textDocument/publishDiagnostics

21:18:56.962 instance_id=19D30CA036A [debug] sent notification server -> client textDocument/publishDiagnostics

21:18:56.963 instance_id=19D30CA036A [debug] sent notification server -> client textDocument/publishDiagnostics

21:18:56.963 instance_id=19D30CA036A [debug] sent notification server -> client textDocument/publishDiagnostics

21:18:56.963 instance_id=19D30CA036A [debug] sent notification server -> client textDocument/publishDiagnostics

21:18:57.153 instance_id=19D30CA036A [debug] handled notification client -> server workspace/didChangeWatchedFiles in 874µs

21:19:04.820 instance_id=19D30CA036A [debug] handled notification client -> server textDocument/didChange in 849µs

21:19:04.873 instance_id=19D30CA036A [debug] sent notification server -> client textDocument/publishDiagnostics

21:19:04.873 instance_id=19D30CA036A [debug] sent notification server -> client textDocument/publishDiagnostics

21:19:04.874 instance_id=19D30CA036A [debug] Node port message: 
21:19:04.873 [info] Plugins found 0 results in 0.005 ms


21:19:04.874 instance_id=19D30CA036A [debug] sent notification server -> client textDocument/publishDiagnostics

21:19:04.874 instance_id=19D30CA036A [debug] sent notification server -> client textDocument/publishDiagnostics

21:19:04.874 instance_id=19D30CA036A [debug] sent notification server -> client textDocument/publishDiagnostics

21:19:04.874 instance_id=19D30CA036A [debug] sent notification server -> client textDocument/publishDiagnostics

21:19:04.875 instance_id=19D30CA036A [debug] sent notification server -> client textDocument/publishDiagnostics

21:19:05.072 instance_id=19D30CA036A [debug] handled notification client -> server workspace/didChangeWatchedFiles in 989µs

21:19:12.423 instance_id=19D30CA036A [debug] handled notification client -> server textDocument/didChange in 735µs

21:19:12.581 instance_id=19D30CA036A [debug] Node port message: 
21:19:12.580 [info] Plugins found 0 results in 0.006 ms


21:19:12.581 instance_id=19D30CA036A [debug] sent notification server -> client textDocument/publishDiagnostics

21:19:12.581 instance_id=19D30CA036A [debug] sent notification server -> client textDocument/publishDiagnostics

21:19:12.581 instance_id=19D30CA036A [debug] sent notification server -> client textDocument/publishDiagnostics

21:19:12.581 instance_id=19D30CA036A [debug] sent notification server -> client textDocument/publishDiagnostics

21:19:12.581 instance_id=19D30CA036A [debug] sent notification server -> client textDocument/publishDiagnostics

21:19:12.582 instance_id=19D30CA036A [debug] sent notification server -> client textDocument/publishDiagnostics

21:19:12.582 instance_id=19D30CA036A [debug] sent notification server -> client textDocument/publishDiagnostics

21:19:12.582 instance_id=19D30CA036A [debug] sent notification server -> client textDocument/publishDiagnostics

21:19:12.674 instance_id=19D30CA036A [debug] handled notification client -> server workspace/didChangeWatchedFiles in 830µs

21:19:28.844 instance_id=19D30CA036A [debug] handled notification client -> server textDocument/didChange in 1ms

21:19:28.959 instance_id=19D30CA036A [debug] Node port message: 
21:19:28.959 [info] Plugins found 0 results in 0.004 ms


21:19:28.959 instance_id=19D30CA036A [debug] sent notification server -> client textDocument/publishDiagnostics

21:19:28.959 instance_id=19D30CA036A [debug] sent notification server -> client textDocument/publishDiagnostics

21:19:28.959 instance_id=19D30CA036A [debug] sent notification server -> client textDocument/publishDiagnostics

21:19:28.959 instance_id=19D30CA036A [debug] sent notification server -> client textDocument/publishDiagnostics

21:19:28.959 instance_id=19D30CA036A [debug] sent notification server -> client textDocument/publishDiagnostics

21:19:28.960 instance_id=19D30CA036A [debug] sent notification server -> client textDocument/publishDiagnostics

21:19:28.960 instance_id=19D30CA036A [debug] sent notification server -> client textDocument/publishDiagnostics

21:19:28.960 instance_id=19D30CA036A [debug] sent notification server -> client textDocument/publishDiagnostics

21:19:28.960 instance_id=19D30CA036A [debug] sent notification server -> client textDocument/publishDiagnostics

21:19:29.092 instance_id=19D30CA036A [debug] handled notification client -> server workspace/didChangeWatchedFiles in 912µs

21:19:46.211 instance_id=19D30CA036A [debug] handled notification client -> server textDocument/didChange in 1ms

21:19:46.322 instance_id=19D30CA036A [debug] sent notification server -> client textDocument/publishDiagnostics

21:19:46.322 instance_id=19D30CA036A [debug] Node port message: 
21:19:46.322 [info] Plugins found 0 results in 0.004 ms


21:19:46.322 instance_id=19D30CA036A [debug] sent notification server -> client textDocument/publishDiagnostics

21:19:46.323 instance_id=19D30CA036A [debug] sent notification server -> client textDocument/publishDiagnostics

21:19:46.323 instance_id=19D30CA036A [debug] sent notification server -> client textDocument/publishDiagnostics

21:19:46.323 instance_id=19D30CA036A [debug] sent notification server -> client textDocument/publishDiagnostics

21:19:46.323 instance_id=19D30CA036A [debug] sent notification server -> client textDocument/publishDiagnostics

21:19:46.323 instance_id=19D30CA036A [debug] sent notification server -> client textDocument/publishDiagnostics

21:19:46.323 instance_id=19D30CA036A [debug] sent notification server -> client textDocument/publishDiagnostics

21:19:46.323 instance_id=19D30CA036A [debug] sent notification server -> client textDocument/publishDiagnostics

21:19:46.323 instance_id=19D30CA036A [debug] sent notification server -> client textDocument/publishDiagnostics

21:19:46.459 instance_id=19D30CA036A [debug] handled notification client -> server workspace/didChangeWatchedFiles in 733µs

21:19:52.344 instance_id=19D30CA036A [debug] sent notification server -> client window/logMessage

21:19:52.344 instance_id=19D30CA036A [info] Opened file:///Users/aoeu/personal/lang-learn-journal/lib/sprachjournal_web/live/entry_live/new.ex

21:19:52.344 instance_id=19D30CA036A [debug] handled notification client -> server textDocument/didOpen in 840µs

21:20:04.782 instance_id=19D30CA036A [debug] handled notification client -> server textDocument/didChange in 1ms

21:20:04.837 instance_id=19D30CA036A [debug] sent notification server -> client textDocument/publishDiagnostics

21:20:04.837 instance_id=19D30CA036A [debug] sent notification server -> client textDocument/publishDiagnostics

21:20:04.837 instance_id=19D30CA036A [debug] Node port message: 
21:20:04.837 [info] Plugins found 0 results in 0.006 ms


21:20:04.837 instance_id=19D30CA036A [debug] sent notification server -> client textDocument/publishDiagnostics

21:20:04.837 instance_id=19D30CA036A [debug] sent notification server -> client textDocument/publishDiagnostics

21:20:04.837 instance_id=19D30CA036A [debug] sent notification server -> client textDocument/publishDiagnostics

21:20:04.838 instance_id=19D30CA036A [debug] sent notification server -> client textDocument/publishDiagnostics

21:20:04.838 instance_id=19D30CA036A [debug] sent notification server -> client textDocument/publishDiagnostics

21:20:04.838 instance_id=19D30CA036A [debug] sent notification server -> client textDocument/publishDiagnostics

21:20:04.839 instance_id=19D30CA036A [debug] sent notification server -> client textDocument/publishDiagnostics

21:20:04.839 instance_id=19D30CA036A [debug] sent notification server -> client textDocument/publishDiagnostics

21:20:04.839 instance_id=19D30CA036A [debug] sent notification server -> client textDocument/publishDiagnostics

21:20:05.031 instance_id=19D30CA036A [debug] handled notification client -> server workspace/didChangeWatchedFiles in 772µs

21:20:20.063 instance_id=19D30CA036A [debug] handled notification client -> server workspace/didChangeWatchedFiles in 1ms

21:21:17.788 instance_id=19D30CA036A [debug] handled notification client -> server textDocument/didClose in 244µs

21:21:18.238 instance_id=19D30CA036A [debug] handled notification client -> server textDocument/didClose in 129µs

21:21:18.784 instance_id=19D30CA036A [debug] handled notification client -> server textDocument/didClose in 179µs

21:21:32.436 instance_id=19D30CA036A [debug] handled notification client -> server textDocument/didClose in 419µs

21:21:51.115 instance_id=19D30CA036A [debug] handled notification client -> server textDocument/didClose in 195µs

21:21:56.801 instance_id=19D30CA036A [debug] handled notification client -> server textDocument/didClose in 314µs

21:22:52.353 instance_id=19D30CA036A [debug] handled notification client -> server textDocument/didClose in 443µs

21:23:38.228 instance_id=19D30CA036A [debug] sent notification server -> client window/logMessage

21:23:38.228 instance_id=19D30CA036A [info] Opened file:///Users/aoeu/personal/lang-learn-journal/lib/sprachjournal_web/live/home_live.ex

21:23:38.228 instance_id=19D30CA036A [debug] handled notification client -> server textDocument/didOpen in 721µs

21:23:38.605 instance_id=19D30CA036A [debug] sent notification server -> client window/logMessage

21:23:38.605 instance_id=19D30CA036A [info] Opened file:///Users/aoeu/personal/lang-learn-journal/lib/sprachjournal_web/live/entry_live/show.ex

21:23:38.605 instance_id=19D30CA036A [debug] handled notification client -> server textDocument/didOpen in 843µs

21:23:39.278 instance_id=19D30CA036A [debug] sent notification server -> client window/logMessage

21:23:39.278 instance_id=19D30CA036A [info] Opened file:///Users/aoeu/personal/lang-learn-journal/lib/sprachjournal/journal.ex

21:23:39.278 instance_id=19D30CA036A [debug] handled notification client -> server textDocument/didOpen in 1ms

21:23:39.421 instance_id=19D30CA036A [debug] sent notification server -> client window/logMessage

21:23:39.421 instance_id=19D30CA036A [info] Opened file:///Users/aoeu/personal/lang-learn-journal/lib/sprachjournal/journal/entry.ex

21:23:39.422 instance_id=19D30CA036A [debug] handled notification client -> server textDocument/didOpen in 554µs

21:23:43.474 instance_id=19D30CA036A [debug] sent notification server -> client window/logMessage

21:23:43.474 instance_id=19D30CA036A [info] Opened file:///Users/aoeu/personal/lang-learn-journal/lib/sprachjournal_web/live/entry_live/new.ex

21:23:43.474 instance_id=19D30CA036A [debug] handled notification client -> server textDocument/didOpen in 1ms

21:23:43.942 instance_id=19D30CA036A [debug] sent notification server -> client window/logMessage

21:23:43.942 instance_id=19D30CA036A [info] Opened file:///Users/aoeu/personal/lang-learn-journal/lib/sprachjournal_web/router.ex

21:23:43.942 instance_id=19D30CA036A [debug] handled notification client -> server textDocument/didOpen in 790µs

21:23:53.131 instance_id=19D30CA036A [debug] handled notification client -> server workspace/didChangeWatchedFiles in 1ms

21:23:55.108 instance_id=19D30CA036A [debug] handled notification client -> server textDocument/didChange in 882µs

21:23:55.173 instance_id=19D30CA036A [debug] sent notification server -> client textDocument/publishDiagnostics

21:23:55.174 instance_id=19D30CA036A [debug] Node port message: 
21:23:55.173 [info] Plugins found 0 results in 0.004 ms


21:23:55.174 instance_id=19D30CA036A [debug] sent notification server -> client textDocument/publishDiagnostics

21:23:55.174 instance_id=19D30CA036A [debug] sent notification server -> client textDocument/publishDiagnostics

21:23:55.174 instance_id=19D30CA036A [debug] sent notification server -> client textDocument/publishDiagnostics

21:23:55.174 instance_id=19D30CA036A [debug] sent notification server -> client textDocument/publishDiagnostics

21:23:55.174 instance_id=19D30CA036A [debug] sent notification server -> client textDocument/publishDiagnostics

21:23:55.175 instance_id=19D30CA036A [debug] sent notification server -> client textDocument/publishDiagnostics

21:23:55.175 instance_id=19D30CA036A [debug] sent notification server -> client textDocument/publishDiagnostics

21:23:55.175 instance_id=19D30CA036A [debug] sent notification server -> client textDocument/publishDiagnostics

21:23:55.175 instance_id=19D30CA036A [debug] sent notification server -> client textDocument/publishDiagnostics

21:23:55.175 instance_id=19D30CA036A [debug] sent notification server -> client textDocument/publishDiagnostics

21:23:55.175 instance_id=19D30CA036A [debug] sent notification server -> client textDocument/publishDiagnostics

21:23:55.352 instance_id=19D30CA036A [debug] handled notification client -> server workspace/didChangeWatchedFiles in 739µs

21:24:12.655 instance_id=19D30CA036A [debug] handled notification client -> server textDocument/didChange in 879µs

21:24:12.906 instance_id=19D30CA036A [debug] handled notification client -> server workspace/didChangeWatchedFiles in 1ms

21:24:12.989 instance_id=19D30CA036A [debug] sent notification server -> client textDocument/publishDiagnostics

21:24:12.989 instance_id=19D30CA036A [debug] Node port message: 
21:24:12.989 [info] Plugins found 0 results in 0.005 ms


21:24:12.990 instance_id=19D30CA036A [debug] sent notification server -> client textDocument/publishDiagnostics

21:24:12.990 instance_id=19D30CA036A [debug] sent notification server -> client textDocument/publishDiagnostics

21:24:12.990 instance_id=19D30CA036A [debug] sent notification server -> client textDocument/publishDiagnostics

21:24:12.990 instance_id=19D30CA036A [debug] sent notification server -> client textDocument/publishDiagnostics

21:24:12.990 instance_id=19D30CA036A [debug] sent notification server -> client textDocument/publishDiagnostics

21:24:12.990 instance_id=19D30CA036A [debug] sent notification server -> client textDocument/publishDiagnostics

21:24:12.991 instance_id=19D30CA036A [debug] sent notification server -> client textDocument/publishDiagnostics

21:24:12.991 instance_id=19D30CA036A [debug] sent notification server -> client textDocument/publishDiagnostics

21:24:12.991 instance_id=19D30CA036A [debug] sent notification server -> client textDocument/publishDiagnostics

21:24:12.991 instance_id=19D30CA036A [debug] sent notification server -> client textDocument/publishDiagnostics

21:24:12.991 instance_id=19D30CA036A [debug] sent notification server -> client textDocument/publishDiagnostics

21:24:12.991 instance_id=19D30CA036A [debug] sent notification server -> client textDocument/publishDiagnostics

21:24:40.579 instance_id=19D30CA036A [debug] handled notification client -> server textDocument/didChange in 951µs

21:24:40.635 instance_id=19D30CA036A [debug] sent notification server -> client textDocument/publishDiagnostics

21:24:40.635 instance_id=19D30CA036A [debug] Node port message: 
21:24:40.635 [info] Plugins found 0 results in 0.006 ms


21:24:40.635 instance_id=19D30CA036A [debug] sent notification server -> client textDocument/publishDiagnostics

21:24:40.635 instance_id=19D30CA036A [debug] sent notification server -> client textDocument/publishDiagnostics

21:24:40.636 instance_id=19D30CA036A [debug] sent notification server -> client textDocument/publishDiagnostics

21:24:40.636 instance_id=19D30CA036A [debug] sent notification server -> client textDocument/publishDiagnostics

21:24:40.636 instance_id=19D30CA036A [debug] sent notification server -> client textDocument/publishDiagnostics

21:24:40.636 instance_id=19D30CA036A [debug] sent notification server -> client textDocument/publishDiagnostics

21:24:40.636 instance_id=19D30CA036A [debug] sent notification server -> client textDocument/publishDiagnostics

21:24:40.636 instance_id=19D30CA036A [debug] sent notification server -> client textDocument/publishDiagnostics

21:24:40.637 instance_id=19D30CA036A [debug] sent notification server -> client textDocument/publishDiagnostics

21:24:40.637 instance_id=19D30CA036A [debug] sent notification server -> client textDocument/publishDiagnostics

21:24:40.637 instance_id=19D30CA036A [debug] sent notification server -> client textDocument/publishDiagnostics

21:24:40.637 instance_id=19D30CA036A [debug] sent notification server -> client textDocument/publishDiagnostics

21:24:40.637 instance_id=19D30CA036A [debug] sent notification server -> client textDocument/publishDiagnostics

21:24:40.830 instance_id=19D30CA036A [debug] handled notification client -> server workspace/didChangeWatchedFiles in 893µs

21:25:07.016 instance_id=19D30CA036A [debug] handled notification client -> server textDocument/didChange in 998µs

21:25:07.070 instance_id=19D30CA036A [debug] sent notification server -> client textDocument/publishDiagnostics

21:25:07.071 instance_id=19D30CA036A [debug] Node port message: 
21:25:07.070 [info] Plugins found 0 results in 0.005 ms


21:25:07.071 instance_id=19D30CA036A [debug] sent notification server -> client textDocument/publishDiagnostics

21:25:07.071 instance_id=19D30CA036A [debug] sent notification server -> client textDocument/publishDiagnostics

21:25:07.071 instance_id=19D30CA036A [debug] sent notification server -> client textDocument/publishDiagnostics

21:25:07.071 instance_id=19D30CA036A [debug] sent notification server -> client textDocument/publishDiagnostics

21:25:07.072 instance_id=19D30CA036A [debug] sent notification server -> client textDocument/publishDiagnostics

21:25:07.072 instance_id=19D30CA036A [debug] sent notification server -> client textDocument/publishDiagnostics

21:25:07.072 instance_id=19D30CA036A [debug] sent notification server -> client textDocument/publishDiagnostics

21:25:07.072 instance_id=19D30CA036A [debug] sent notification server -> client textDocument/publishDiagnostics

21:25:07.072 instance_id=19D30CA036A [debug] sent notification server -> client textDocument/publishDiagnostics

21:25:07.072 instance_id=19D30CA036A [debug] sent notification server -> client textDocument/publishDiagnostics

21:25:07.072 instance_id=19D30CA036A [debug] sent notification server -> client textDocument/publishDiagnostics

21:25:07.073 instance_id=19D30CA036A [debug] sent notification server -> client textDocument/publishDiagnostics

21:25:07.073 instance_id=19D30CA036A [debug] sent notification server -> client textDocument/publishDiagnostics

21:25:07.073 instance_id=19D30CA036A [debug] sent notification server -> client textDocument/publishDiagnostics

21:25:07.263 instance_id=19D30CA036A [debug] handled notification client -> server workspace/didChangeWatchedFiles in 1ms

21:25:39.389 instance_id=19D30CA036A [debug] handled notification client -> server workspace/didChangeWatchedFiles in 1ms

21:25:45.406 instance_id=19D30CA036A [debug] handled notification client -> server textDocument/didChange in 886µs

21:25:45.651 instance_id=19D30CA036A [debug] sent notification server -> client textDocument/publishDiagnostics

21:25:45.651 instance_id=19D30CA036A [debug] Node port message: 
21:25:45.651 [info] Plugins found 0 results in 0.006 ms


21:25:45.652 instance_id=19D30CA036A [debug] sent notification server -> client textDocument/publishDiagnostics

21:25:45.652 instance_id=19D30CA036A [debug] sent notification server -> client textDocument/publishDiagnostics

21:25:45.652 instance_id=19D30CA036A [debug] sent notification server -> client textDocument/publishDiagnostics

21:25:45.652 instance_id=19D30CA036A [debug] sent notification server -> client textDocument/publishDiagnostics

21:25:45.652 instance_id=19D30CA036A [debug] handled notification client -> server workspace/didChangeWatchedFiles in 539µs

21:25:45.653 instance_id=19D30CA036A [debug] sent notification server -> client textDocument/publishDiagnostics

21:25:45.653 instance_id=19D30CA036A [debug] sent notification server -> client textDocument/publishDiagnostics

21:25:45.653 instance_id=19D30CA036A [debug] sent notification server -> client textDocument/publishDiagnostics

21:25:45.653 instance_id=19D30CA036A [debug] sent notification server -> client textDocument/publishDiagnostics

21:25:45.653 instance_id=19D30CA036A [debug] sent notification server -> client textDocument/publishDiagnostics

21:25:45.653 instance_id=19D30CA036A [debug] sent notification server -> client textDocument/publishDiagnostics

21:25:45.653 instance_id=19D30CA036A [debug] sent notification server -> client textDocument/publishDiagnostics

21:25:45.653 instance_id=19D30CA036A [debug] sent notification server -> client textDocument/publishDiagnostics

21:25:45.653 instance_id=19D30CA036A [debug] sent notification server -> client textDocument/publishDiagnostics

21:25:45.654 instance_id=19D30CA036A [debug] sent notification server -> client textDocument/publishDiagnostics

21:26:10.732 instance_id=19D30CA036A [debug] handled notification client -> server workspace/didChangeWatchedFiles in 1ms

21:26:38.235 instance_id=19D30CA036A [debug] handled notification client -> server textDocument/didClose in 334µs

21:26:38.610 instance_id=19D30CA036A [debug] handled notification client -> server textDocument/didClose in 324µs

21:26:39.286 instance_id=19D30CA036A [debug] handled notification client -> server textDocument/didClose in 236µs

21:26:39.429 instance_id=19D30CA036A [debug] handled notification client -> server textDocument/didClose in 200µs

21:26:43.480 instance_id=19D30CA036A [debug] handled notification client -> server textDocument/didClose in 448µs

21:26:43.948 instance_id=19D30CA036A [debug] handled notification client -> server textDocument/didClose in 287µs

21:27:53.163 instance_id=19D30CA036A [debug] sent notification server -> client window/logMessage

21:27:53.163 instance_id=19D30CA036A [info] Opened file:///Users/aoeu/personal/lang-learn-journal/lib/sprachjournal_web/live/entry_live/new.ex

21:27:53.163 instance_id=19D30CA036A [debug] handled notification client -> server textDocument/didOpen in 945µs

21:27:56.097 instance_id=19D30CA036A [debug] sent notification server -> client window/logMessage

21:27:56.097 instance_id=19D30CA036A [info] Opened file:///Users/aoeu/personal/lang-learn-journal/lib/sprachjournal_web/live/entry_live/edit.ex

21:27:56.097 instance_id=19D30CA036A [debug] handled notification client -> server textDocument/didOpen in 740µs

21:28:24.631 instance_id=19D30CA036A [debug] sent notification server -> client window/logMessage

21:28:24.631 instance_id=19D30CA036A [info] Opened file:///Users/aoeu/personal/lang-learn-journal/lib/sprachjournal/ai.ex

21:28:24.631 instance_id=19D30CA036A [debug] handled notification client -> server textDocument/didOpen in 789µs

21:28:24.822 instance_id=19D30CA036A [debug] handled notification client -> server textDocument/didChange in 647µs

21:28:24.918 instance_id=19D30CA036A [debug] Node port message: 
21:28:24.917 [info] Plugins found 0 results in 0.004 ms


21:28:24.918 instance_id=19D30CA036A [debug] sent notification server -> client textDocument/publishDiagnostics

21:28:24.918 instance_id=19D30CA036A [debug] sent notification server -> client textDocument/publishDiagnostics

21:28:24.918 instance_id=19D30CA036A [debug] sent notification server -> client textDocument/publishDiagnostics

21:28:24.918 instance_id=19D30CA036A [debug] sent notification server -> client textDocument/publishDiagnostics

21:28:24.919 instance_id=19D30CA036A [debug] sent notification server -> client textDocument/publishDiagnostics

21:28:24.919 instance_id=19D30CA036A [debug] sent notification server -> client textDocument/publishDiagnostics

21:28:24.919 instance_id=19D30CA036A [debug] sent notification server -> client textDocument/publishDiagnostics

21:28:24.919 instance_id=19D30CA036A [debug] sent notification server -> client textDocument/publishDiagnostics

21:28:24.919 instance_id=19D30CA036A [debug] sent notification server -> client textDocument/publishDiagnostics

21:28:24.919 instance_id=19D30CA036A [debug] sent notification server -> client textDocument/publishDiagnostics

21:28:24.920 instance_id=19D30CA036A [debug] sent notification server -> client textDocument/publishDiagnostics

21:28:24.920 instance_id=19D30CA036A [debug] sent notification server -> client textDocument/publishDiagnostics

21:28:24.920 instance_id=19D30CA036A [debug] sent notification server -> client textDocument/publishDiagnostics

21:28:24.920 instance_id=19D30CA036A [debug] sent notification server -> client textDocument/publishDiagnostics

21:28:24.920 instance_id=19D30CA036A [debug] sent notification server -> client textDocument/publishDiagnostics

21:28:25.075 instance_id=19D30CA036A [debug] handled notification client -> server workspace/didChangeWatchedFiles in 861µs

21:28:44.381 instance_id=19D30CA036A [debug] handled notification client -> server workspace/didChangeWatchedFiles in 1ms

21:28:48.737 instance_id=19D30CA036A [debug] sent notification server -> client window/logMessage

21:28:48.737 instance_id=19D30CA036A [info] Opened file:///Users/aoeu/personal/lang-learn-journal/lib/sprachjournal_web.ex

21:28:48.737 instance_id=19D30CA036A [debug] handled notification client -> server textDocument/didOpen in 782µs

21:28:55.501 instance_id=19D30CA036A [debug] handled notification client -> server textDocument/didChange in 1ms

21:28:55.571 instance_id=19D30CA036A [debug] sent notification server -> client textDocument/publishDiagnostics

21:28:55.571 instance_id=19D30CA036A [debug] Node port message: 
21:28:55.571 [info] Plugins found 0 results in 0.005 ms


21:28:55.571 instance_id=19D30CA036A [debug] sent notification server -> client textDocument/publishDiagnostics

21:28:55.571 instance_id=19D30CA036A [debug] sent notification server -> client textDocument/publishDiagnostics

21:28:55.572 instance_id=19D30CA036A [debug] sent notification server -> client textDocument/publishDiagnostics

21:28:55.572 instance_id=19D30CA036A [debug] sent notification server -> client textDocument/publishDiagnostics

21:28:55.572 instance_id=19D30CA036A [debug] sent notification server -> client textDocument/publishDiagnostics

21:28:55.572 instance_id=19D30CA036A [debug] sent notification server -> client textDocument/publishDiagnostics

21:28:55.573 instance_id=19D30CA036A [debug] sent notification server -> client textDocument/publishDiagnostics

21:28:55.573 instance_id=19D30CA036A [debug] sent notification server -> client textDocument/publishDiagnostics

21:28:55.573 instance_id=19D30CA036A [debug] sent notification server -> client textDocument/publishDiagnostics

21:28:55.574 instance_id=19D30CA036A [debug] sent notification server -> client textDocument/publishDiagnostics

21:28:55.574 instance_id=19D30CA036A [debug] sent notification server -> client textDocument/publishDiagnostics

21:28:55.574 instance_id=19D30CA036A [debug] sent notification server -> client textDocument/publishDiagnostics

21:28:55.574 instance_id=19D30CA036A [debug] sent notification server -> client textDocument/publishDiagnostics

21:28:55.575 instance_id=19D30CA036A [debug] sent notification server -> client textDocument/publishDiagnostics

21:28:55.752 instance_id=19D30CA036A [debug] handled notification client -> server workspace/didChangeWatchedFiles in 663µs

21:29:31.332 instance_id=19D30CA036A [debug] handled notification client -> server textDocument/didChange in 1ms

21:29:31.386 instance_id=19D30CA036A [debug] sent notification server -> client textDocument/publishDiagnostics

21:29:31.386 instance_id=19D30CA036A [debug] Node port message: 
21:29:31.386 [info] Plugins found 0 results in 0.004 ms


21:29:31.386 instance_id=19D30CA036A [debug] sent notification server -> client textDocument/publishDiagnostics

21:29:31.387 instance_id=19D30CA036A [debug] sent notification server -> client textDocument/publishDiagnostics

21:29:31.387 instance_id=19D30CA036A [debug] sent notification server -> client textDocument/publishDiagnostics

21:29:31.387 instance_id=19D30CA036A [debug] sent notification server -> client textDocument/publishDiagnostics

21:29:31.387 instance_id=19D30CA036A [debug] sent notification server -> client textDocument/publishDiagnostics

21:29:31.387 instance_id=19D30CA036A [debug] sent notification server -> client textDocument/publishDiagnostics

21:29:31.387 instance_id=19D30CA036A [debug] sent notification server -> client textDocument/publishDiagnostics

21:29:31.388 instance_id=19D30CA036A [debug] sent notification server -> client textDocument/publishDiagnostics

21:29:31.388 instance_id=19D30CA036A [debug] sent notification server -> client textDocument/publishDiagnostics

21:29:31.388 instance_id=19D30CA036A [debug] sent notification server -> client textDocument/publishDiagnostics

21:29:31.388 instance_id=19D30CA036A [debug] sent notification server -> client textDocument/publishDiagnostics

21:29:31.389 instance_id=19D30CA036A [debug] sent notification server -> client textDocument/publishDiagnostics

21:29:31.389 instance_id=19D30CA036A [debug] sent notification server -> client textDocument/publishDiagnostics

21:29:31.389 instance_id=19D30CA036A [debug] sent notification server -> client textDocument/publishDiagnostics

21:29:31.583 instance_id=19D30CA036A [debug] handled notification client -> server workspace/didChangeWatchedFiles in 980µs

21:29:46.520 instance_id=19D30CA036A [debug] sent notification server -> client window/logMessage

21:29:46.520 instance_id=19D30CA036A [info] Opened file:///Users/aoeu/personal/lang-learn-journal/lib/sprachjournal/journal.ex

21:29:46.520 instance_id=19D30CA036A [debug] handled notification client -> server textDocument/didOpen in 577µs

21:29:46.530 instance_id=19D30CA036A [debug] sent notification server -> client window/logMessage

21:29:46.529 instance_id=19D30CA036A [info] Resolved entity: {:call, Kernel, :defmodule, 2}

21:29:46.579 instance_id=19D30CA036A [debug] handled request client -> server textDocument/documentSymbol in 48ms

21:29:46.599 instance_id=19D30CA036A [debug] handled notification client -> server $/cancelRequest in 127µs

21:29:46.604 instance_id=19D30CA036A [debug] sent notification server -> client window/logMessage

21:29:46.604 instance_id=19D30CA036A [info] Resolved entity: {:call, Kernel, :defmodule, 2}

21:29:46.773 instance_id=19D30CA036A [debug] handled request client -> server textDocument/codeLens in 223µs

21:29:46.813 instance_id=19D30CA036A [debug] handled request client -> server textDocument/codeAction in 214ms

21:29:46.835 instance_id=19D30CA036A [debug] sent notification server -> client window/logMessage

21:29:46.835 instance_id=19D30CA036A [info] Resolved entity: {:call, Kernel, :defmodule, 2}

21:29:46.861 instance_id=19D30CA036A [debug] handled request client -> server textDocument/documentSymbol in 39ms

21:29:46.968 instance_id=19D30CA036A [debug] handled request client -> server textDocument/codeAction in 137ms

21:29:48.951 instance_id=19D30CA036A [debug] handled request client -> server textDocument/hover in 34ms

21:29:49.629 instance_id=19D30CA036A [debug] handled notification client -> server textDocument/didChange in 923µs

21:29:49.684 instance_id=19D30CA036A [debug] Node port message: 
21:29:49.683 [info] Plugins found 0 results in 0.005 ms


21:29:49.684 instance_id=19D30CA036A [debug] sent notification server -> client textDocument/publishDiagnostics

21:29:49.684 instance_id=19D30CA036A [debug] sent notification server -> client textDocument/publishDiagnostics

21:29:49.684 instance_id=19D30CA036A [debug] sent notification server -> client textDocument/publishDiagnostics

21:29:49.684 instance_id=19D30CA036A [debug] sent notification server -> client textDocument/publishDiagnostics

21:29:49.684 instance_id=19D30CA036A [debug] sent notification server -> client textDocument/publishDiagnostics

21:29:49.684 instance_id=19D30CA036A [debug] sent notification server -> client textDocument/publishDiagnostics

21:29:49.684 instance_id=19D30CA036A [debug] sent notification server -> client textDocument/publishDiagnostics

21:29:49.685 instance_id=19D30CA036A [debug] sent notification server -> client textDocument/publishDiagnostics

21:29:49.685 instance_id=19D30CA036A [debug] sent notification server -> client textDocument/publishDiagnostics

21:29:49.685 instance_id=19D30CA036A [debug] sent notification server -> client textDocument/publishDiagnostics

21:29:49.685 instance_id=19D30CA036A [debug] sent notification server -> client textDocument/publishDiagnostics

21:29:49.685 instance_id=19D30CA036A [debug] sent notification server -> client textDocument/publishDiagnostics

21:29:49.686 instance_id=19D30CA036A [debug] sent notification server -> client textDocument/publishDiagnostics

21:29:49.686 instance_id=19D30CA036A [debug] sent notification server -> client textDocument/publishDiagnostics

21:29:49.686 instance_id=19D30CA036A [debug] sent notification server -> client textDocument/publishDiagnostics

21:29:49.686 instance_id=19D30CA036A [debug] sent notification server -> client textDocument/publishDiagnostics

21:29:49.880 instance_id=19D30CA036A [debug] handled notification client -> server workspace/didChangeWatchedFiles in 888µs

21:29:49.953 instance_id=19D30CA036A [debug] sent notification server -> client window/logMessage

21:29:49.952 instance_id=19D30CA036A [info] Resolved entity: {:call, Kernel, :defmodule, 2}

21:29:50.139 instance_id=19D30CA036A [debug] handled request client -> server textDocument/codeAction in 192ms

21:29:50.288 instance_id=19D30CA036A [debug] sent notification server -> client window/logMessage

21:29:50.288 instance_id=19D30CA036A [info] Resolved entity: {:call, Sprachjournal.Repo, :update, 1}

21:29:50.351 instance_id=19D30CA036A [debug] handled request client -> server textDocument/hover in 66ms

21:29:50.444 instance_id=19D30CA036A [debug] sent notification server -> client window/logMessage

21:29:50.443 instance_id=19D30CA036A [info] Resolved entity: {:call, Sprachjournal.Repo, :update, 1}

21:29:50.444 instance_id=19D30CA036A [debug] handled request client -> server textDocument/codeAction in 7ms

21:29:52.032 instance_id=19D30CA036A [debug] sent notification server -> client window/logMessage

21:29:52.032 instance_id=19D30CA036A [info] Resolved entity: {:variable, :entry}

21:29:52.040 instance_id=19D30CA036A [debug] handled request client -> server textDocument/hover in 13ms

21:30:08.626 instance_id=19D30CA036A [debug] sent notification server -> client window/logMessage

21:30:08.626 instance_id=19D30CA036A [info] Opened file:///Users/aoeu/personal/lang-learn-journal/lib/sprachjournal_web/live/entry_live/show.ex

21:30:08.626 instance_id=19D30CA036A [debug] handled notification client -> server textDocument/didOpen in 554µs

21:30:08.761 instance_id=19D30CA036A [debug] handled notification client -> server textDocument/didChange in 762µs

21:30:08.814 instance_id=19D30CA036A [debug] sent notification server -> client textDocument/publishDiagnostics

21:30:08.814 instance_id=19D30CA036A [debug] Node port message: 
21:30:08.814 [info] Plugins found 0 results in 0.005 ms


21:30:08.814 instance_id=19D30CA036A [debug] sent notification server -> client textDocument/publishDiagnostics

21:30:08.814 instance_id=19D30CA036A [debug] sent notification server -> client textDocument/publishDiagnostics

21:30:08.815 instance_id=19D30CA036A [debug] sent notification server -> client textDocument/publishDiagnostics

21:30:08.815 instance_id=19D30CA036A [debug] sent notification server -> client textDocument/publishDiagnostics

21:30:08.815 instance_id=19D30CA036A [debug] sent notification server -> client textDocument/publishDiagnostics

21:30:08.815 instance_id=19D30CA036A [debug] sent notification server -> client textDocument/publishDiagnostics

21:30:08.815 instance_id=19D30CA036A [debug] sent notification server -> client textDocument/publishDiagnostics

21:30:08.815 instance_id=19D30CA036A [debug] sent notification server -> client textDocument/publishDiagnostics

21:30:08.815 instance_id=19D30CA036A [debug] sent notification server -> client textDocument/publishDiagnostics

21:30:08.815 instance_id=19D30CA036A [debug] sent notification server -> client textDocument/publishDiagnostics

21:30:08.816 instance_id=19D30CA036A [debug] sent notification server -> client textDocument/publishDiagnostics

21:30:08.816 instance_id=19D30CA036A [debug] sent notification server -> client textDocument/publishDiagnostics

21:30:08.816 instance_id=19D30CA036A [debug] sent notification server -> client textDocument/publishDiagnostics

21:30:08.816 instance_id=19D30CA036A [debug] sent notification server -> client textDocument/publishDiagnostics

21:30:08.817 instance_id=19D30CA036A [debug] sent notification server -> client textDocument/publishDiagnostics

21:30:09.013 instance_id=19D30CA036A [debug] handled notification client -> server workspace/didChangeWatchedFiles in 773µs

21:30:09.080 instance_id=19D30CA036A [debug] sent notification server -> client window/logMessage

21:30:09.079 instance_id=19D30CA036A [info] Resolved entity: {:call, Kernel, :defmodule, 2}

21:30:09.242 instance_id=19D30CA036A [debug] handled request client -> server textDocument/codeAction in 169ms

21:30:18.801 instance_id=19D30CA036A [debug] sent notification server -> client window/logMessage

21:30:18.801 instance_id=19D30CA036A [info] Opened file:///Users/aoeu/personal/lang-learn-journal/lib/sprachjournal_web/components/journal_components.ex

21:30:18.801 instance_id=19D30CA036A [debug] handled notification client -> server textDocument/didOpen in 1ms

21:30:18.899 instance_id=19D30CA036A [debug] handled notification client -> server textDocument/didChange in 863µs

21:30:18.996 instance_id=19D30CA036A [debug] sent notification server -> client textDocument/publishDiagnostics

21:30:18.996 instance_id=19D30CA036A [debug] Node port message: 
21:30:18.996 [info] Plugins found 0 results in 0.004 ms


21:30:18.996 instance_id=19D30CA036A [debug] sent notification server -> client textDocument/publishDiagnostics

21:30:18.996 instance_id=19D30CA036A [debug] sent notification server -> client textDocument/publishDiagnostics

21:30:18.997 instance_id=19D30CA036A [debug] sent notification server -> client textDocument/publishDiagnostics

21:30:18.997 instance_id=19D30CA036A [debug] sent notification server -> client textDocument/publishDiagnostics

21:30:18.997 instance_id=19D30CA036A [debug] sent notification server -> client textDocument/publishDiagnostics

21:30:18.997 instance_id=19D30CA036A [debug] sent notification server -> client textDocument/publishDiagnostics

21:30:18.997 instance_id=19D30CA036A [debug] sent notification server -> client textDocument/publishDiagnostics

21:30:18.997 instance_id=19D30CA036A [debug] sent notification server -> client textDocument/publishDiagnostics

21:30:18.997 instance_id=19D30CA036A [debug] sent notification server -> client textDocument/publishDiagnostics

21:30:18.997 instance_id=19D30CA036A [debug] sent notification server -> client textDocument/publishDiagnostics

21:30:18.997 instance_id=19D30CA036A [debug] sent notification server -> client textDocument/publishDiagnostics

21:30:18.998 instance_id=19D30CA036A [debug] sent notification server -> client textDocument/publishDiagnostics

21:30:18.998 instance_id=19D30CA036A [debug] sent notification server -> client textDocument/publishDiagnostics

21:30:18.998 instance_id=19D30CA036A [debug] sent notification server -> client textDocument/publishDiagnostics

21:30:18.998 instance_id=19D30CA036A [debug] sent notification server -> client textDocument/publishDiagnostics

21:30:18.998 instance_id=19D30CA036A [debug] sent notification server -> client textDocument/publishDiagnostics

21:30:19.148 instance_id=19D30CA036A [debug] handled notification client -> server workspace/didChangeWatchedFiles in 684µs

21:30:19.257 instance_id=19D30CA036A [debug] sent notification server -> client window/logMessage

21:30:19.257 instance_id=19D30CA036A [info] Resolved entity: {:call, Kernel, :defmodule, 2}

21:30:19.429 instance_id=19D30CA036A [debug] handled request client -> server textDocument/codeAction in 177ms

21:30:25.117 instance_id=19D30CA036A [debug] handled notification client -> server textDocument/didChange in 917µs

21:30:25.172 instance_id=19D30CA036A [debug] sent notification server -> client textDocument/publishDiagnostics

21:30:25.172 instance_id=19D30CA036A [debug] Node port message: 
21:30:25.172 [info] Plugins found 0 results in 0.007 ms


21:30:25.172 instance_id=19D30CA036A [debug] sent notification server -> client textDocument/publishDiagnostics

21:30:25.173 instance_id=19D30CA036A [debug] sent notification server -> client textDocument/publishDiagnostics

21:30:25.173 instance_id=19D30CA036A [debug] sent notification server -> client textDocument/publishDiagnostics

21:30:25.173 instance_id=19D30CA036A [debug] sent notification server -> client textDocument/publishDiagnostics

21:30:25.173 instance_id=19D30CA036A [debug] sent notification server -> client textDocument/publishDiagnostics

21:30:25.173 instance_id=19D30CA036A [debug] sent notification server -> client textDocument/publishDiagnostics

21:30:25.173 instance_id=19D30CA036A [debug] sent notification server -> client textDocument/publishDiagnostics

21:30:25.174 instance_id=19D30CA036A [debug] sent notification server -> client textDocument/publishDiagnostics

21:30:25.174 instance_id=19D30CA036A [debug] sent notification server -> client textDocument/publishDiagnostics

21:30:25.174 instance_id=19D30CA036A [debug] sent notification server -> client textDocument/publishDiagnostics

21:30:25.174 instance_id=19D30CA036A [debug] sent notification server -> client textDocument/publishDiagnostics

21:30:25.174 instance_id=19D30CA036A [debug] sent notification server -> client textDocument/publishDiagnostics

21:30:25.174 instance_id=19D30CA036A [debug] sent notification server -> client textDocument/publishDiagnostics

21:30:25.175 instance_id=19D30CA036A [debug] sent notification server -> client textDocument/publishDiagnostics

21:30:25.175 instance_id=19D30CA036A [debug] sent notification server -> client textDocument/publishDiagnostics

21:30:25.175 instance_id=19D30CA036A [debug] sent notification server -> client textDocument/publishDiagnostics

21:30:25.369 instance_id=19D30CA036A [debug] handled notification client -> server workspace/didChangeWatchedFiles in 786µs

21:30:25.434 instance_id=19D30CA036A [debug] sent notification server -> client window/logMessage

21:30:25.434 instance_id=19D30CA036A [info] Resolved entity: {:call, Kernel, :defmodule, 2}

21:30:25.621 instance_id=19D30CA036A [debug] handled request client -> server textDocument/codeAction in 193ms

21:30:53.168 instance_id=19D30CA036A [debug] handled notification client -> server textDocument/didClose in 374µs

21:30:56.103 instance_id=19D30CA036A [debug] handled notification client -> server textDocument/didClose in 408µs

21:31:24.637 instance_id=19D30CA036A [debug] handled notification client -> server textDocument/didClose in 195µs

21:31:25.944 instance_id=19D30CA036A [debug] sent notification server -> client window/logMessage

21:31:25.944 instance_id=19D30CA036A [info] Opened file:///Users/aoeu/personal/lang-learn-journal/lib/sprachjournal/ai.ex

21:31:25.944 instance_id=19D30CA036A [debug] handled notification client -> server textDocument/didOpen in 721µs

21:31:30.376 instance_id=19D30CA036A [debug] handled notification client -> server textDocument/didChange in 1ms

21:31:30.487 instance_id=19D30CA036A [debug] sent notification server -> client textDocument/publishDiagnostics

21:31:30.487 instance_id=19D30CA036A [debug] Node port message: 
21:31:30.487 [info] Plugins found 0 results in 0.005 ms


21:31:30.488 instance_id=19D30CA036A [debug] sent notification server -> client textDocument/publishDiagnostics

21:31:30.488 instance_id=19D30CA036A [debug] sent notification server -> client textDocument/publishDiagnostics

21:31:30.488 instance_id=19D30CA036A [debug] sent notification server -> client textDocument/publishDiagnostics

21:31:30.488 instance_id=19D30CA036A [debug] sent notification server -> client textDocument/publishDiagnostics

21:31:30.489 instance_id=19D30CA036A [debug] sent notification server -> client textDocument/publishDiagnostics

21:31:30.489 instance_id=19D30CA036A [debug] sent notification server -> client textDocument/publishDiagnostics

21:31:30.489 instance_id=19D30CA036A [debug] sent notification server -> client textDocument/publishDiagnostics

21:31:30.489 instance_id=19D30CA036A [debug] sent notification server -> client textDocument/publishDiagnostics

21:31:30.489 instance_id=19D30CA036A [debug] sent notification server -> client textDocument/publishDiagnostics

21:31:30.489 instance_id=19D30CA036A [debug] sent notification server -> client textDocument/publishDiagnostics

21:31:30.489 instance_id=19D30CA036A [debug] sent notification server -> client textDocument/publishDiagnostics

21:31:30.490 instance_id=19D30CA036A [debug] sent notification server -> client textDocument/publishDiagnostics

21:31:30.490 instance_id=19D30CA036A [debug] sent notification server -> client textDocument/publishDiagnostics

21:31:30.490 instance_id=19D30CA036A [debug] sent notification server -> client textDocument/publishDiagnostics

21:31:30.490 instance_id=19D30CA036A [debug] sent notification server -> client textDocument/publishDiagnostics

21:31:30.490 instance_id=19D30CA036A [debug] sent notification server -> client textDocument/publishDiagnostics

21:31:30.618 instance_id=19D30CA036A [debug] handled notification client -> server workspace/didChangeWatchedFiles in 847µs

21:31:30.749 instance_id=19D30CA036A [debug] sent notification server -> client window/logMessage

21:31:30.749 instance_id=19D30CA036A [info] Resolved entity: {:call, Kernel, :defmodule, 2}

21:31:30.905 instance_id=19D30CA036A [debug] handled request client -> server textDocument/codeAction in 163ms

21:31:41.511 instance_id=19D30CA036A [debug] handled notification client -> server textDocument/didChange in 1ms

21:31:41.623 instance_id=19D30CA036A [debug] Node port message: 
21:31:41.623 [info] Plugins found 0 results in 0.005 ms


21:31:41.623 instance_id=19D30CA036A [debug] sent notification server -> client textDocument/publishDiagnostics

21:31:41.623 instance_id=19D30CA036A [debug] sent notification server -> client textDocument/publishDiagnostics

21:31:41.624 instance_id=19D30CA036A [debug] sent notification server -> client textDocument/publishDiagnostics

21:31:41.624 instance_id=19D30CA036A [debug] sent notification server -> client textDocument/publishDiagnostics

21:31:41.624 instance_id=19D30CA036A [debug] sent notification server -> client textDocument/publishDiagnostics

21:31:41.624 instance_id=19D30CA036A [debug] sent notification server -> client textDocument/publishDiagnostics

21:31:41.624 instance_id=19D30CA036A [debug] sent notification server -> client textDocument/publishDiagnostics

21:31:41.624 instance_id=19D30CA036A [debug] sent notification server -> client textDocument/publishDiagnostics

21:31:41.625 instance_id=19D30CA036A [debug] sent notification server -> client textDocument/publishDiagnostics

21:31:41.625 instance_id=19D30CA036A [debug] sent notification server -> client textDocument/publishDiagnostics

21:31:41.625 instance_id=19D30CA036A [debug] sent notification server -> client textDocument/publishDiagnostics

21:31:41.625 instance_id=19D30CA036A [debug] sent notification server -> client textDocument/publishDiagnostics

21:31:41.625 instance_id=19D30CA036A [debug] sent notification server -> client textDocument/publishDiagnostics

21:31:41.626 instance_id=19D30CA036A [debug] sent notification server -> client textDocument/publishDiagnostics

21:31:41.626 instance_id=19D30CA036A [debug] sent notification server -> client textDocument/publishDiagnostics

21:31:41.626 instance_id=19D30CA036A [debug] sent notification server -> client textDocument/publishDiagnostics

21:31:41.626 instance_id=19D30CA036A [debug] sent notification server -> client textDocument/publishDiagnostics

21:31:41.760 instance_id=19D30CA036A [debug] handled notification client -> server workspace/didChangeWatchedFiles in 818µs

21:31:41.884 instance_id=19D30CA036A [debug] sent notification server -> client window/logMessage

21:31:41.884 instance_id=19D30CA036A [info] Resolved entity: {:call, Kernel, :defmodule, 2}

21:31:42.038 instance_id=19D30CA036A [debug] handled request client -> server textDocument/codeAction in 160ms

21:31:45.137 instance_id=19D30CA036A [debug] sent notification server -> client window/logMessage

21:31:45.136 instance_id=19D30CA036A [info] Resolved entity: {:call, Kernel, :defmodule, 2}

21:31:45.182 instance_id=19D30CA036A [debug] handled request client -> server textDocument/documentSymbol in 41ms

21:31:45.217 instance_id=19D30CA036A [debug] handled notification client -> server $/cancelRequest in 76µs

21:31:45.219 instance_id=19D30CA036A [debug] sent notification server -> client window/logMessage

21:31:45.219 instance_id=19D30CA036A [info] Resolved entity: {:call, Kernel, :defmodule, 2}

21:31:45.386 instance_id=19D30CA036A [debug] handled request client -> server textDocument/codeLens in 240µs

21:31:45.391 instance_id=19D30CA036A [debug] handled request client -> server textDocument/codeAction in 174ms

21:31:45.424 instance_id=19D30CA036A [debug] sent notification server -> client window/logMessage

21:31:45.424 instance_id=19D30CA036A [info] Resolved entity: {:call, Kernel, :defmodule, 2}

21:31:45.472 instance_id=19D30CA036A [debug] handled request client -> server textDocument/documentSymbol in 37ms

21:31:45.552 instance_id=19D30CA036A [debug] handled request client -> server textDocument/codeAction in 129ms

21:31:48.740 instance_id=19D30CA036A [debug] handled notification client -> server textDocument/didClose in 178µs

21:32:14.713 instance_id=19D30CA036A [debug] handled notification client -> server textDocument/didChange in 1ms

21:32:14.811 instance_id=19D30CA036A [debug] sent notification server -> client textDocument/publishDiagnostics

21:32:14.811 instance_id=19D30CA036A [debug] sent notification server -> client textDocument/publishDiagnostics

21:32:14.811 instance_id=19D30CA036A [debug] Node port message: 
21:32:14.811 [info] Plugins found 0 results in 0.003 ms


21:32:14.812 instance_id=19D30CA036A [debug] sent notification server -> client textDocument/publishDiagnostics

21:32:14.812 instance_id=19D30CA036A [debug] sent notification server -> client textDocument/publishDiagnostics

21:32:14.812 instance_id=19D30CA036A [debug] sent notification server -> client textDocument/publishDiagnostics

21:32:14.812 instance_id=19D30CA036A [debug] sent notification server -> client textDocument/publishDiagnostics

21:32:14.812 instance_id=19D30CA036A [debug] sent notification server -> client textDocument/publishDiagnostics

21:32:14.812 instance_id=19D30CA036A [debug] sent notification server -> client textDocument/publishDiagnostics

21:32:14.812 instance_id=19D30CA036A [debug] sent notification server -> client textDocument/publishDiagnostics

21:32:14.813 instance_id=19D30CA036A [debug] sent notification server -> client textDocument/publishDiagnostics

21:32:14.813 instance_id=19D30CA036A [debug] sent notification server -> client textDocument/publishDiagnostics

21:32:14.813 instance_id=19D30CA036A [debug] sent notification server -> client textDocument/publishDiagnostics

21:32:14.813 instance_id=19D30CA036A [debug] sent notification server -> client textDocument/publishDiagnostics

21:32:14.814 instance_id=19D30CA036A [debug] sent notification server -> client textDocument/publishDiagnostics

21:32:14.814 instance_id=19D30CA036A [debug] sent notification server -> client textDocument/publishDiagnostics

21:32:14.814 instance_id=19D30CA036A [debug] sent notification server -> client textDocument/publishDiagnostics

21:32:14.814 instance_id=19D30CA036A [debug] sent notification server -> client textDocument/publishDiagnostics

21:32:14.965 instance_id=19D30CA036A [debug] handled notification client -> server workspace/didChangeWatchedFiles in 843µs

21:32:15.070 instance_id=19D30CA036A [debug] sent notification server -> client window/logMessage

21:32:15.070 instance_id=19D30CA036A [info] Resolved entity: {:call, Kernel, :defmodule, 2}

21:32:15.256 instance_id=19D30CA036A [debug] handled request client -> server textDocument/codeAction in 189ms

21:33:08.012 instance_id=19D30CA036A [debug] handled notification client -> server textDocument/didChange in 1ms

21:33:08.111 instance_id=19D30CA036A [debug] sent notification server -> client textDocument/publishDiagnostics

21:33:08.111 instance_id=19D30CA036A [debug] sent notification server -> client textDocument/publishDiagnostics

21:33:08.111 instance_id=19D30CA036A [debug] Node port message: 
21:33:08.111 [info] Plugins found 0 results in 0.003 ms


21:33:08.111 instance_id=19D30CA036A [debug] sent notification server -> client textDocument/publishDiagnostics

21:33:08.111 instance_id=19D30CA036A [debug] sent notification server -> client textDocument/publishDiagnostics

21:33:08.112 instance_id=19D30CA036A [debug] sent notification server -> client textDocument/publishDiagnostics

21:33:08.112 instance_id=19D30CA036A [debug] sent notification server -> client textDocument/publishDiagnostics

21:33:08.112 instance_id=19D30CA036A [debug] sent notification server -> client textDocument/publishDiagnostics

21:33:08.112 instance_id=19D30CA036A [debug] sent notification server -> client textDocument/publishDiagnostics

21:33:08.112 instance_id=19D30CA036A [debug] sent notification server -> client textDocument/publishDiagnostics

21:33:08.112 instance_id=19D30CA036A [debug] sent notification server -> client textDocument/publishDiagnostics

21:33:08.112 instance_id=19D30CA036A [debug] sent notification server -> client textDocument/publishDiagnostics

21:33:08.112 instance_id=19D30CA036A [debug] sent notification server -> client textDocument/publishDiagnostics

21:33:08.113 instance_id=19D30CA036A [debug] sent notification server -> client textDocument/publishDiagnostics

21:33:08.113 instance_id=19D30CA036A [debug] sent notification server -> client textDocument/publishDiagnostics

21:33:08.113 instance_id=19D30CA036A [debug] sent notification server -> client textDocument/publishDiagnostics

21:33:08.113 instance_id=19D30CA036A [debug] sent notification server -> client textDocument/publishDiagnostics

21:33:08.113 instance_id=19D30CA036A [debug] sent notification server -> client textDocument/publishDiagnostics

21:33:08.262 instance_id=19D30CA036A [debug] handled notification client -> server workspace/didChangeWatchedFiles in 816µs

21:33:08.368 instance_id=19D30CA036A [debug] sent notification server -> client window/logMessage

21:33:08.368 instance_id=19D30CA036A [info] Resolved entity: {:call, Kernel, :defmodule, 2}

21:33:08.508 instance_id=19D30CA036A [debug] handled request client -> server textDocument/codeAction in 142ms

21:33:08.629 instance_id=19D30CA036A [debug] handled notification client -> server textDocument/didClose in 129µs

21:33:18.813 instance_id=19D30CA036A [debug] handled notification client -> server textDocument/didClose in 268µs

21:34:37.432 instance_id=19D30CA036A [debug] sent notification server -> client window/logMessage

21:34:37.432 instance_id=19D30CA036A [info] Opened file:///Users/aoeu/personal/lang-learn-journal/lib/sprachjournal_web/live/entry_live/new.ex

21:34:37.432 instance_id=19D30CA036A [debug] handled notification client -> server textDocument/didOpen in 560µs

21:35:49.368 instance_id=19D30CA036A [debug] handled notification client -> server textDocument/didChange in 1ms

21:35:49.423 instance_id=19D30CA036A [debug] Node port message: 
21:35:49.423 [info] Plugins found 0 results in 0.006 ms


21:35:49.423 instance_id=19D30CA036A [debug] sent notification server -> client textDocument/publishDiagnostics

21:35:49.423 instance_id=19D30CA036A [debug] sent notification server -> client textDocument/publishDiagnostics

21:35:49.424 instance_id=19D30CA036A [debug] sent notification server -> client textDocument/publishDiagnostics

21:35:49.424 instance_id=19D30CA036A [debug] sent notification server -> client textDocument/publishDiagnostics

21:35:49.424 instance_id=19D30CA036A [debug] sent notification server -> client textDocument/publishDiagnostics

21:35:49.425 instance_id=19D30CA036A [debug] sent notification server -> client textDocument/publishDiagnostics

21:35:49.425 instance_id=19D30CA036A [debug] sent notification server -> client textDocument/publishDiagnostics

21:35:49.425 instance_id=19D30CA036A [debug] sent notification server -> client textDocument/publishDiagnostics

21:35:49.425 instance_id=19D30CA036A [debug] sent notification server -> client textDocument/publishDiagnostics

21:35:49.425 instance_id=19D30CA036A [debug] sent notification server -> client textDocument/publishDiagnostics

21:35:49.426 instance_id=19D30CA036A [debug] sent notification server -> client textDocument/publishDiagnostics

21:35:49.426 instance_id=19D30CA036A [debug] sent notification server -> client textDocument/publishDiagnostics

21:35:49.426 instance_id=19D30CA036A [debug] sent notification server -> client textDocument/publishDiagnostics

21:35:49.427 instance_id=19D30CA036A [debug] sent notification server -> client textDocument/publishDiagnostics

21:35:49.427 instance_id=19D30CA036A [debug] sent notification server -> client textDocument/publishDiagnostics

21:35:49.427 instance_id=19D30CA036A [debug] sent notification server -> client textDocument/publishDiagnostics

21:35:49.427 instance_id=19D30CA036A [debug] sent notification server -> client textDocument/publishDiagnostics

21:35:49.616 instance_id=19D30CA036A [debug] handled notification client -> server workspace/didChangeWatchedFiles in 782µs

21:35:49.679 instance_id=19D30CA036A [debug] sent notification server -> client window/logMessage

21:35:49.679 instance_id=19D30CA036A [info] Resolved entity: {:call, Kernel, :defmodule, 2}

21:35:49.820 instance_id=19D30CA036A [debug] handled request client -> server textDocument/codeAction in 143ms

21:35:54.125 instance_id=19D30CA036A [debug] sent notification server -> client window/logMessage

21:35:54.125 instance_id=19D30CA036A [info] Opened file:///Users/aoeu/personal/lang-learn-journal/lib/sprachjournal_web/live/entry_live/edit.ex

21:35:54.125 instance_id=19D30CA036A [debug] handled notification client -> server textDocument/didOpen in 3ms

21:36:03.437 instance_id=19D30CA036A [debug] handled notification client -> server textDocument/didChange in 948µs

21:36:03.491 instance_id=19D30CA036A [debug] sent notification server -> client textDocument/publishDiagnostics

21:36:03.491 instance_id=19D30CA036A [debug] Node port message: 
21:36:03.491 [info] Plugins found 0 results in 0.006 ms


21:36:03.491 instance_id=19D30CA036A [debug] sent notification server -> client textDocument/publishDiagnostics

21:36:03.492 instance_id=19D30CA036A [debug] sent notification server -> client textDocument/publishDiagnostics

21:36:03.492 instance_id=19D30CA036A [debug] sent notification server -> client textDocument/publishDiagnostics

21:36:03.492 instance_id=19D30CA036A [debug] sent notification server -> client textDocument/publishDiagnostics

21:36:03.492 instance_id=19D30CA036A [debug] sent notification server -> client textDocument/publishDiagnostics

21:36:03.492 instance_id=19D30CA036A [debug] sent notification server -> client textDocument/publishDiagnostics

21:36:03.492 instance_id=19D30CA036A [debug] sent notification server -> client textDocument/publishDiagnostics

21:36:03.493 instance_id=19D30CA036A [debug] sent notification server -> client textDocument/publishDiagnostics

21:36:03.493 instance_id=19D30CA036A [debug] sent notification server -> client textDocument/publishDiagnostics

21:36:03.493 instance_id=19D30CA036A [debug] sent notification server -> client textDocument/publishDiagnostics

21:36:03.493 instance_id=19D30CA036A [debug] sent notification server -> client textDocument/publishDiagnostics

21:36:03.493 instance_id=19D30CA036A [debug] sent notification server -> client textDocument/publishDiagnostics

21:36:03.494 instance_id=19D30CA036A [debug] sent notification server -> client textDocument/publishDiagnostics

21:36:03.494 instance_id=19D30CA036A [debug] sent notification server -> client textDocument/publishDiagnostics

21:36:03.494 instance_id=19D30CA036A [debug] sent notification server -> client textDocument/publishDiagnostics

21:36:03.494 instance_id=19D30CA036A [debug] sent notification server -> client textDocument/publishDiagnostics

21:36:03.684 instance_id=19D30CA036A [debug] handled notification client -> server workspace/didChangeWatchedFiles in 631µs

21:36:03.748 instance_id=19D30CA036A [debug] sent notification server -> client window/logMessage

21:36:03.748 instance_id=19D30CA036A [info] Resolved entity: {:call, Kernel, :defmodule, 2}

21:36:03.891 instance_id=19D30CA036A [debug] handled request client -> server textDocument/codeAction in 145ms

21:37:37.435 instance_id=19D30CA036A [debug] handled notification client -> server textDocument/didClose in 353µs

21:38:54.126 instance_id=19D30CA036A [debug] handled notification client -> server textDocument/didClose in 232µs

21:40:43.671 instance_id=19D30CA036A [debug] sent notification server -> client window/logMessage

21:40:43.671 instance_id=19D30CA036A [info] Opened file:///Users/aoeu/personal/lang-learn-journal/lib/sprachjournal_web/live/entry_live/new.ex

21:40:43.672 instance_id=19D30CA036A [debug] handled notification client -> server textDocument/didOpen in 838µs

21:40:48.720 instance_id=19D30CA036A [debug] handled notification client -> server textDocument/didChange in 1ms

21:40:48.774 instance_id=19D30CA036A [debug] sent notification server -> client textDocument/publishDiagnostics

21:40:48.774 instance_id=19D30CA036A [debug] Node port message: 
21:40:48.774 [info] Plugins found 0 results in 0.006 ms


21:40:48.774 instance_id=19D30CA036A [debug] sent notification server -> client textDocument/publishDiagnostics

21:40:48.775 instance_id=19D30CA036A [debug] sent notification server -> client textDocument/publishDiagnostics

21:40:48.775 instance_id=19D30CA036A [debug] sent notification server -> client textDocument/publishDiagnostics

21:40:48.775 instance_id=19D30CA036A [debug] sent notification server -> client textDocument/publishDiagnostics

21:40:48.775 instance_id=19D30CA036A [debug] sent notification server -> client textDocument/publishDiagnostics

21:40:48.775 instance_id=19D30CA036A [debug] sent notification server -> client textDocument/publishDiagnostics

21:40:48.775 instance_id=19D30CA036A [debug] sent notification server -> client textDocument/publishDiagnostics

21:40:48.776 instance_id=19D30CA036A [debug] sent notification server -> client textDocument/publishDiagnostics

21:40:48.776 instance_id=19D30CA036A [debug] sent notification server -> client textDocument/publishDiagnostics

21:40:48.776 instance_id=19D30CA036A [debug] sent notification server -> client textDocument/publishDiagnostics

21:40:48.776 instance_id=19D30CA036A [debug] sent notification server -> client textDocument/publishDiagnostics

21:40:48.777 instance_id=19D30CA036A [debug] sent notification server -> client textDocument/publishDiagnostics

21:40:48.777 instance_id=19D30CA036A [debug] sent notification server -> client textDocument/publishDiagnostics

21:40:48.777 instance_id=19D30CA036A [debug] sent notification server -> client textDocument/publishDiagnostics

21:40:48.777 instance_id=19D30CA036A [debug] sent notification server -> client textDocument/publishDiagnostics

21:40:48.778 instance_id=19D30CA036A [debug] sent notification server -> client textDocument/publishDiagnostics

21:40:48.967 instance_id=19D30CA036A [debug] handled notification client -> server workspace/didChangeWatchedFiles in 926µs

21:40:49.032 instance_id=19D30CA036A [debug] sent notification server -> client window/logMessage

21:40:49.032 instance_id=19D30CA036A [info] Resolved entity: {:call, Kernel, :defmodule, 2}

21:40:49.174 instance_id=19D30CA036A [debug] handled request client -> server textDocument/codeAction in 144ms

21:40:56.162 instance_id=19D30CA036A [debug] handled notification client -> server workspace/didChangeWatchedFiles in 1ms

21:41:04.562 instance_id=19D30CA036A [debug] handled notification client -> server workspace/didChangeWatchedFiles in 1ms

21:41:18.207 instance_id=19D30CA036A [debug] handled notification client -> server textDocument/didChange in 859µs

21:41:18.367 instance_id=19D30CA036A [debug] sent notification server -> client textDocument/publishDiagnostics

21:41:18.367 instance_id=19D30CA036A [debug] Node port message: 
21:41:18.366 [info] Plugins found 0 results in 0.005 ms


21:41:18.367 instance_id=19D30CA036A [debug] sent notification server -> client textDocument/publishDiagnostics

21:41:18.367 instance_id=19D30CA036A [debug] sent notification server -> client textDocument/publishDiagnostics

21:41:18.367 instance_id=19D30CA036A [debug] sent notification server -> client textDocument/publishDiagnostics

21:41:18.367 instance_id=19D30CA036A [debug] sent notification server -> client textDocument/publishDiagnostics

21:41:18.367 instance_id=19D30CA036A [debug] sent notification server -> client textDocument/publishDiagnostics

21:41:18.367 instance_id=19D30CA036A [debug] sent notification server -> client textDocument/publishDiagnostics

21:41:18.367 instance_id=19D30CA036A [debug] sent notification server -> client textDocument/publishDiagnostics

21:41:18.368 instance_id=19D30CA036A [debug] sent notification server -> client textDocument/publishDiagnostics

21:41:18.368 instance_id=19D30CA036A [debug] sent notification server -> client textDocument/publishDiagnostics

21:41:18.368 instance_id=19D30CA036A [debug] sent notification server -> client textDocument/publishDiagnostics

21:41:18.368 instance_id=19D30CA036A [debug] sent notification server -> client textDocument/publishDiagnostics

21:41:18.368 instance_id=19D30CA036A [debug] sent notification server -> client textDocument/publishDiagnostics

21:41:18.369 instance_id=19D30CA036A [debug] sent notification server -> client textDocument/publishDiagnostics

21:41:18.369 instance_id=19D30CA036A [debug] sent notification server -> client textDocument/publishDiagnostics

21:41:18.369 instance_id=19D30CA036A [debug] sent notification server -> client textDocument/publishDiagnostics

21:41:18.369 instance_id=19D30CA036A [debug] sent notification server -> client textDocument/publishDiagnostics

21:41:18.457 instance_id=19D30CA036A [debug] handled notification client -> server workspace/didChangeWatchedFiles in 779µs

21:41:18.460 instance_id=19D30CA036A [debug] handled request client -> server textDocument/codeLens in 322µs

21:41:18.599 instance_id=19D30CA036A [debug] handled request client -> server textDocument/documentSymbol in 43ms

21:41:18.599 instance_id=19D30CA036A [debug] handled request client -> server textDocument/documentSymbol in 44ms

21:41:18.624 instance_id=19D30CA036A [debug] sent notification server -> client window/logMessage

21:41:18.624 instance_id=19D30CA036A [info] Resolved entity: {:call, Kernel, :defmodule, 2}

21:41:18.758 instance_id=19D30CA036A [debug] handled request client -> server textDocument/codeAction in 137ms

21:43:43.676 instance_id=19D30CA036A [debug] handled notification client -> server textDocument/didClose in 389µs

21:51:08.449 instance_id=19D30CA036A [debug] sent notification server -> client window/logMessage

21:51:08.449 instance_id=19D30CA036A [info] Opened file:///Users/aoeu/personal/lang-learn-journal/lib/sprachjournal/journal/entry.ex

21:51:08.449 instance_id=19D30CA036A [debug] handled notification client -> server textDocument/didOpen in 804µs

21:51:08.815 instance_id=19D30CA036A [debug] sent notification server -> client window/logMessage

21:51:08.815 instance_id=19D30CA036A [info] Opened file:///Users/aoeu/personal/lang-learn-journal/lib/sprachjournal/ai/proofreader.ex

21:51:08.815 instance_id=19D30CA036A [debug] handled notification client -> server textDocument/didOpen in 528µs

21:51:09.466 instance_id=19D30CA036A [debug] sent notification server -> client window/logMessage

21:51:09.466 instance_id=19D30CA036A [info] Opened file:///Users/aoeu/personal/lang-learn-journal/lib/sprachjournal_web/components/journal_components.ex

21:51:09.466 instance_id=19D30CA036A [debug] handled notification client -> server textDocument/didOpen in 743µs

21:54:08.457 instance_id=19D30CA036A [debug] handled notification client -> server textDocument/didClose in 318µs

21:54:08.825 instance_id=19D30CA036A [debug] handled notification client -> server textDocument/didClose in 270µs

21:54:09.472 instance_id=19D30CA036A [debug] handled notification client -> server textDocument/didClose in 235µs

22:00:08.222 instance_id=19D30CA036A [debug] sent notification server -> client window/logMessage

22:00:08.222 instance_id=19D30CA036A [info] Resolved entity: {:call, Kernel, :defmodule, 2}

22:00:08.313 instance_id=19D30CA036A [debug] handled notification client -> server $/cancelRequest in 88µs

22:00:08.318 instance_id=19D30CA036A [debug] sent notification server -> client window/logMessage

22:00:08.318 instance_id=19D30CA036A [info] Resolved entity: {:call, Kernel, :defmodule, 2}

22:00:08.462 instance_id=19D30CA036A [debug] handled request client -> server textDocument/codeLens in 216µs

22:00:08.482 instance_id=19D30CA036A [debug] handled request client -> server textDocument/codeAction in 169ms

22:00:08.516 instance_id=19D30CA036A [debug] sent notification server -> client window/logMessage

22:00:08.516 instance_id=19D30CA036A [info] Resolved entity: {:call, Kernel, :defmodule, 2}

22:00:08.550 instance_id=19D30CA036A [debug] handled request client -> server textDocument/documentSymbol in 38ms

22:00:08.661 instance_id=19D30CA036A [debug] handled request client -> server textDocument/codeAction in 149ms

22:00:19.532 instance_id=19D30CA036A [debug] sent notification server -> client window/logMessage

22:00:19.532 instance_id=19D30CA036A [info] Opened file:///Users/aoeu/personal/lang-learn-journal/lib/sprachjournal_web/components/journal_components.ex

22:00:19.532 instance_id=19D30CA036A [debug] handled notification client -> server textDocument/didOpen in 988µs

22:00:28.822 instance_id=19D30CA036A [debug] handled notification client -> server textDocument/didChange in 1ms

22:00:28.924 instance_id=19D30CA036A [debug] Node port message: 
22:00:28.924 [info] Plugins found 0 results in 0.003 ms


22:00:28.924 instance_id=19D30CA036A [debug] sent notification server -> client textDocument/publishDiagnostics

22:00:28.924 instance_id=19D30CA036A [debug] sent notification server -> client textDocument/publishDiagnostics

22:00:28.925 instance_id=19D30CA036A [debug] sent notification server -> client textDocument/publishDiagnostics

22:00:28.925 instance_id=19D30CA036A [debug] sent notification server -> client textDocument/publishDiagnostics

22:00:28.925 instance_id=19D30CA036A [debug] sent notification server -> client textDocument/publishDiagnostics

22:00:28.925 instance_id=19D30CA036A [debug] sent notification server -> client textDocument/publishDiagnostics

22:00:28.925 instance_id=19D30CA036A [debug] sent notification server -> client textDocument/publishDiagnostics

22:00:28.925 instance_id=19D30CA036A [debug] sent notification server -> client textDocument/publishDiagnostics

22:00:28.926 instance_id=19D30CA036A [debug] sent notification server -> client textDocument/publishDiagnostics

22:00:28.926 instance_id=19D30CA036A [debug] sent notification server -> client textDocument/publishDiagnostics

22:00:28.926 instance_id=19D30CA036A [debug] sent notification server -> client textDocument/publishDiagnostics

22:00:28.926 instance_id=19D30CA036A [debug] sent notification server -> client textDocument/publishDiagnostics

22:00:28.927 instance_id=19D30CA036A [debug] sent notification server -> client textDocument/publishDiagnostics

22:00:28.927 instance_id=19D30CA036A [debug] sent notification server -> client textDocument/publishDiagnostics

22:00:28.927 instance_id=19D30CA036A [debug] sent notification server -> client textDocument/publishDiagnostics

22:00:28.927 instance_id=19D30CA036A [debug] sent notification server -> client textDocument/publishDiagnostics

22:00:28.928 instance_id=19D30CA036A [debug] sent notification server -> client textDocument/publishDiagnostics

22:00:29.071 instance_id=19D30CA036A [debug] handled notification client -> server workspace/didChangeWatchedFiles in 831µs

22:00:29.191 instance_id=19D30CA036A [debug] sent notification server -> client window/logMessage

22:00:29.191 instance_id=19D30CA036A [info] Resolved entity: {:call, Kernel, :defmodule, 2}

22:00:29.338 instance_id=19D30CA036A [debug] handled request client -> server textDocument/codeAction in 154ms

22:00:42.755 instance_id=19D30CA036A [debug] sent notification server -> client window/logMessage

22:00:42.755 instance_id=19D30CA036A [info] Opened file:///Users/aoeu/personal/lang-learn-journal/lib/sprachjournal_web/live/entry_live/new.ex

22:00:42.755 instance_id=19D30CA036A [debug] handled notification client -> server textDocument/didOpen in 1ms

22:00:42.852 instance_id=19D30CA036A [debug] handled notification client -> server textDocument/didChange in 942µs

22:00:42.905 instance_id=19D30CA036A [debug] sent notification server -> client textDocument/publishDiagnostics

22:00:42.905 instance_id=19D30CA036A [debug] sent notification server -> client textDocument/publishDiagnostics

22:00:42.905 instance_id=19D30CA036A [debug] Node port message: 
22:00:42.905 [info] Plugins found 0 results in 0.005 ms


22:00:42.906 instance_id=19D30CA036A [debug] sent notification server -> client textDocument/publishDiagnostics

22:00:42.906 instance_id=19D30CA036A [debug] sent notification server -> client textDocument/publishDiagnostics

22:00:42.906 instance_id=19D30CA036A [debug] sent notification server -> client textDocument/publishDiagnostics

22:00:42.906 instance_id=19D30CA036A [debug] sent notification server -> client textDocument/publishDiagnostics

22:00:42.906 instance_id=19D30CA036A [debug] sent notification server -> client textDocument/publishDiagnostics

22:00:42.906 instance_id=19D30CA036A [debug] sent notification server -> client textDocument/publishDiagnostics

22:00:42.906 instance_id=19D30CA036A [debug] sent notification server -> client textDocument/publishDiagnostics

22:00:42.907 instance_id=19D30CA036A [debug] sent notification server -> client textDocument/publishDiagnostics

22:00:42.907 instance_id=19D30CA036A [debug] sent notification server -> client textDocument/publishDiagnostics

22:00:42.907 instance_id=19D30CA036A [debug] sent notification server -> client textDocument/publishDiagnostics

22:00:42.907 instance_id=19D30CA036A [debug] sent notification server -> client textDocument/publishDiagnostics

22:00:42.908 instance_id=19D30CA036A [debug] sent notification server -> client textDocument/publishDiagnostics

22:00:42.908 instance_id=19D30CA036A [debug] sent notification server -> client textDocument/publishDiagnostics

22:00:42.908 instance_id=19D30CA036A [debug] sent notification server -> client textDocument/publishDiagnostics

22:00:42.908 instance_id=19D30CA036A [debug] sent notification server -> client textDocument/publishDiagnostics

22:00:43.101 instance_id=19D30CA036A [debug] handled notification client -> server workspace/didChangeWatchedFiles in 802µs

22:00:43.163 instance_id=19D30CA036A [debug] sent notification server -> client window/logMessage

22:00:43.163 instance_id=19D30CA036A [info] Resolved entity: {:call, Kernel, :defmodule, 2}

22:00:43.326 instance_id=19D30CA036A [debug] handled request client -> server textDocument/codeAction in 167ms

22:00:47.520 instance_id=19D30CA036A [debug] sent notification server -> client window/logMessage

22:00:47.520 instance_id=19D30CA036A [info] Opened file:///Users/aoeu/personal/lang-learn-journal/lib/sprachjournal_web/live/entry_live/edit.ex

22:00:47.520 instance_id=19D30CA036A [debug] handled notification client -> server textDocument/didOpen in 1ms

22:00:47.618 instance_id=19D30CA036A [debug] handled notification client -> server textDocument/didChange in 800µs

22:00:47.672 instance_id=19D30CA036A [debug] sent notification server -> client textDocument/publishDiagnostics

22:00:47.672 instance_id=19D30CA036A [debug] sent notification server -> client textDocument/publishDiagnostics

22:00:47.672 instance_id=19D30CA036A [debug] Node port message: 
22:00:47.672 [info] Plugins found 0 results in 0.005 ms


22:00:47.673 instance_id=19D30CA036A [debug] sent notification server -> client textDocument/publishDiagnostics

22:00:47.673 instance_id=19D30CA036A [debug] sent notification server -> client textDocument/publishDiagnostics

22:00:47.673 instance_id=19D30CA036A [debug] sent notification server -> client textDocument/publishDiagnostics

22:00:47.673 instance_id=19D30CA036A [debug] sent notification server -> client textDocument/publishDiagnostics

22:00:47.673 instance_id=19D30CA036A [debug] sent notification server -> client textDocument/publishDiagnostics

22:00:47.673 instance_id=19D30CA036A [debug] sent notification server -> client textDocument/publishDiagnostics

22:00:47.673 instance_id=19D30CA036A [debug] sent notification server -> client textDocument/publishDiagnostics

22:00:47.673 instance_id=19D30CA036A [debug] sent notification server -> client textDocument/publishDiagnostics

22:00:47.673 instance_id=19D30CA036A [debug] sent notification server -> client textDocument/publishDiagnostics

22:00:47.674 instance_id=19D30CA036A [debug] sent notification server -> client textDocument/publishDiagnostics

22:00:47.674 instance_id=19D30CA036A [debug] sent notification server -> client textDocument/publishDiagnostics

22:00:47.674 instance_id=19D30CA036A [debug] sent notification server -> client textDocument/publishDiagnostics

22:00:47.674 instance_id=19D30CA036A [debug] sent notification server -> client textDocument/publishDiagnostics

22:00:47.674 instance_id=19D30CA036A [debug] sent notification server -> client textDocument/publishDiagnostics

22:00:47.674 instance_id=19D30CA036A [debug] sent notification server -> client textDocument/publishDiagnostics

22:00:47.872 instance_id=19D30CA036A [debug] handled notification client -> server workspace/didChangeWatchedFiles in 879µs

22:00:47.932 instance_id=19D30CA036A [debug] sent notification server -> client window/logMessage

22:00:47.932 instance_id=19D30CA036A [info] Resolved entity: {:call, Kernel, :defmodule, 2}

22:00:48.083 instance_id=19D30CA036A [debug] handled request client -> server textDocument/codeAction in 156ms

22:01:32.401 instance_id=19D30CA036A [debug] sent notification server -> client window/logMessage

22:01:32.401 instance_id=19D30CA036A [info] Opened file:///Users/aoeu/personal/lang-learn-journal/lib/sprachjournal/ai/proofreader.ex

22:01:32.401 instance_id=19D30CA036A [debug] handled notification client -> server textDocument/didOpen in 643µs

22:01:32.549 instance_id=19D30CA036A [debug] handled notification client -> server textDocument/didChange in 745µs

22:01:32.651 instance_id=19D30CA036A [debug] Node port message: 
22:01:32.651 [info] Plugins found 0 results in 0.009 ms


22:01:32.651 instance_id=19D30CA036A [debug] sent notification server -> client textDocument/publishDiagnostics

22:01:32.651 instance_id=19D30CA036A [debug] sent notification server -> client textDocument/publishDiagnostics

22:01:32.651 instance_id=19D30CA036A [debug] sent notification server -> client textDocument/publishDiagnostics

22:01:32.651 instance_id=19D30CA036A [debug] sent notification server -> client textDocument/publishDiagnostics

22:01:32.651 instance_id=19D30CA036A [debug] sent notification server -> client textDocument/publishDiagnostics

22:01:32.652 instance_id=19D30CA036A [debug] sent notification server -> client textDocument/publishDiagnostics

22:01:32.652 instance_id=19D30CA036A [debug] sent notification server -> client textDocument/publishDiagnostics

22:01:32.652 instance_id=19D30CA036A [debug] sent notification server -> client textDocument/publishDiagnostics

22:01:32.652 instance_id=19D30CA036A [debug] sent notification server -> client textDocument/publishDiagnostics

22:01:32.652 instance_id=19D30CA036A [debug] sent notification server -> client textDocument/publishDiagnostics

22:01:32.652 instance_id=19D30CA036A [debug] sent notification server -> client textDocument/publishDiagnostics

22:01:32.652 instance_id=19D30CA036A [debug] sent notification server -> client textDocument/publishDiagnostics

22:01:32.653 instance_id=19D30CA036A [debug] sent notification server -> client textDocument/publishDiagnostics

22:01:32.653 instance_id=19D30CA036A [debug] sent notification server -> client textDocument/publishDiagnostics

22:01:32.653 instance_id=19D30CA036A [debug] sent notification server -> client textDocument/publishDiagnostics

22:01:32.653 instance_id=19D30CA036A [debug] sent notification server -> client textDocument/publishDiagnostics

22:01:32.653 instance_id=19D30CA036A [debug] sent notification server -> client textDocument/publishDiagnostics

22:01:32.800 instance_id=19D30CA036A [debug] handled notification client -> server workspace/didChangeWatchedFiles in 873µs

22:01:32.913 instance_id=19D30CA036A [debug] sent notification server -> client window/logMessage

22:01:32.913 instance_id=19D30CA036A [info] Resolved entity: {:call, Kernel, :defmodule, 2}

22:01:33.059 instance_id=19D30CA036A [debug] handled request client -> server textDocument/codeAction in 152ms

22:02:07.437 instance_id=19D30CA036A [debug] handled notification client -> server textDocument/didChange in 930µs

22:02:07.560 instance_id=19D30CA036A [debug] sent notification server -> client textDocument/publishDiagnostics

22:02:07.560 instance_id=19D30CA036A [debug] Node port message: 
22:02:07.560 [info] Plugins found 0 results in 0.003 ms


22:02:07.560 instance_id=19D30CA036A [debug] sent notification server -> client textDocument/publishDiagnostics

22:02:07.560 instance_id=19D30CA036A [debug] sent notification server -> client textDocument/publishDiagnostics

22:02:07.561 instance_id=19D30CA036A [debug] sent notification server -> client textDocument/publishDiagnostics

22:02:07.561 instance_id=19D30CA036A [debug] sent notification server -> client textDocument/publishDiagnostics

22:02:07.561 instance_id=19D30CA036A [debug] sent notification server -> client textDocument/publishDiagnostics

22:02:07.561 instance_id=19D30CA036A [debug] sent notification server -> client textDocument/publishDiagnostics

22:02:07.561 instance_id=19D30CA036A [debug] sent notification server -> client textDocument/publishDiagnostics

22:02:07.561 instance_id=19D30CA036A [debug] sent notification server -> client textDocument/publishDiagnostics

22:02:07.561 instance_id=19D30CA036A [debug] sent notification server -> client textDocument/publishDiagnostics

22:02:07.561 instance_id=19D30CA036A [debug] sent notification server -> client textDocument/publishDiagnostics

22:02:07.562 instance_id=19D30CA036A [debug] sent notification server -> client textDocument/publishDiagnostics

22:02:07.562 instance_id=19D30CA036A [debug] sent notification server -> client textDocument/publishDiagnostics

22:02:07.562 instance_id=19D30CA036A [debug] sent notification server -> client textDocument/publishDiagnostics

22:02:07.562 instance_id=19D30CA036A [debug] sent notification server -> client textDocument/publishDiagnostics

22:02:07.562 instance_id=19D30CA036A [debug] sent notification server -> client textDocument/publishDiagnostics

22:02:07.563 instance_id=19D30CA036A [debug] sent notification server -> client textDocument/publishDiagnostics

22:02:07.687 instance_id=19D30CA036A [debug] handled notification client -> server workspace/didChangeWatchedFiles in 831µs

22:02:07.821 instance_id=19D30CA036A [debug] sent notification server -> client window/logMessage

22:02:07.821 instance_id=19D30CA036A [info] Resolved entity: {:call, Kernel, :defmodule, 2}

22:02:07.976 instance_id=19D30CA036A [debug] handled request client -> server textDocument/codeAction in 161ms

22:02:08.434 instance_id=19D30CA036A [debug] handled notification client -> server workspace/didChangeWatchedFiles in 2ms

22:02:39.446 instance_id=19D30CA036A [debug] handled notification client -> server textDocument/didChange in 1ms

22:02:39.502 instance_id=19D30CA036A [debug] sent notification server -> client textDocument/publishDiagnostics

22:02:39.502 instance_id=19D30CA036A [debug] Node port message: 
22:02:39.502 [info] Plugins found 0 results in 0.007 ms


22:02:39.503 instance_id=19D30CA036A [debug] sent notification server -> client textDocument/publishDiagnostics

22:02:39.503 instance_id=19D30CA036A [debug] sent notification server -> client textDocument/publishDiagnostics

22:02:39.503 instance_id=19D30CA036A [debug] sent notification server -> client textDocument/publishDiagnostics

22:02:39.503 instance_id=19D30CA036A [debug] sent notification server -> client textDocument/publishDiagnostics

22:02:39.504 instance_id=19D30CA036A [debug] sent notification server -> client textDocument/publishDiagnostics

22:02:39.504 instance_id=19D30CA036A [debug] sent notification server -> client textDocument/publishDiagnostics

22:02:39.504 instance_id=19D30CA036A [debug] sent notification server -> client textDocument/publishDiagnostics

22:02:39.504 instance_id=19D30CA036A [debug] sent notification server -> client textDocument/publishDiagnostics

22:02:39.504 instance_id=19D30CA036A [debug] sent notification server -> client textDocument/publishDiagnostics

22:02:39.504 instance_id=19D30CA036A [debug] sent notification server -> client textDocument/publishDiagnostics

22:02:39.505 instance_id=19D30CA036A [debug] sent notification server -> client textDocument/publishDiagnostics

22:02:39.505 instance_id=19D30CA036A [debug] sent notification server -> client textDocument/publishDiagnostics

22:02:39.505 instance_id=19D30CA036A [debug] sent notification server -> client textDocument/publishDiagnostics

22:02:39.506 instance_id=19D30CA036A [debug] sent notification server -> client textDocument/publishDiagnostics

22:02:39.506 instance_id=19D30CA036A [debug] sent notification server -> client textDocument/publishDiagnostics

22:02:39.506 instance_id=19D30CA036A [debug] sent notification server -> client textDocument/publishDiagnostics

22:02:39.695 instance_id=19D30CA036A [debug] handled notification client -> server workspace/didChangeWatchedFiles in 983µs

22:02:39.766 instance_id=19D30CA036A [debug] sent notification server -> client window/logMessage

22:02:39.766 instance_id=19D30CA036A [info] Resolved entity: {:call, Kernel, :defmodule, 2}

22:02:39.909 instance_id=19D30CA036A [debug] handled request client -> server textDocument/codeAction in 150ms

22:02:44.617 instance_id=19D30CA036A [debug] sent notification server -> client window/logMessage

22:02:44.617 instance_id=19D30CA036A [info] Opened file:///Users/aoeu/personal/lang-learn-journal/lib/sprachjournal_web/live/entry_live/show.ex

22:02:44.617 instance_id=19D30CA036A [debug] handled notification client -> server textDocument/didOpen in 1ms

22:02:44.715 instance_id=19D30CA036A [debug] handled notification client -> server textDocument/didChange in 795µs

22:02:44.768 instance_id=19D30CA036A [debug] sent notification server -> client textDocument/publishDiagnostics

22:02:44.769 instance_id=19D30CA036A [debug] sent notification server -> client textDocument/publishDiagnostics

22:02:44.769 instance_id=19D30CA036A [debug] Node port message: 
22:02:44.768 [info] Plugins found 0 results in 0.006 ms


22:02:44.769 instance_id=19D30CA036A [debug] sent notification server -> client textDocument/publishDiagnostics

22:02:44.769 instance_id=19D30CA036A [debug] sent notification server -> client textDocument/publishDiagnostics

22:02:44.769 instance_id=19D30CA036A [debug] sent notification server -> client textDocument/publishDiagnostics

22:02:44.769 instance_id=19D30CA036A [debug] sent notification server -> client textDocument/publishDiagnostics

22:02:44.769 instance_id=19D30CA036A [debug] sent notification server -> client textDocument/publishDiagnostics

22:02:44.769 instance_id=19D30CA036A [debug] sent notification server -> client textDocument/publishDiagnostics

22:02:44.770 instance_id=19D30CA036A [debug] sent notification server -> client textDocument/publishDiagnostics

22:02:44.770 instance_id=19D30CA036A [debug] sent notification server -> client textDocument/publishDiagnostics

22:02:44.770 instance_id=19D30CA036A [debug] sent notification server -> client textDocument/publishDiagnostics

22:02:44.770 instance_id=19D30CA036A [debug] sent notification server -> client textDocument/publishDiagnostics

22:02:44.770 instance_id=19D30CA036A [debug] sent notification server -> client textDocument/publishDiagnostics

22:02:44.770 instance_id=19D30CA036A [debug] sent notification server -> client textDocument/publishDiagnostics

22:02:44.771 instance_id=19D30CA036A [debug] sent notification server -> client textDocument/publishDiagnostics

22:02:44.771 instance_id=19D30CA036A [debug] sent notification server -> client textDocument/publishDiagnostics

22:02:44.771 instance_id=19D30CA036A [debug] sent notification server -> client textDocument/publishDiagnostics

22:02:44.967 instance_id=19D30CA036A [debug] handled notification client -> server workspace/didChangeWatchedFiles in 645µs

22:02:45.028 instance_id=19D30CA036A [debug] sent notification server -> client window/logMessage

22:02:45.028 instance_id=19D30CA036A [info] Resolved entity: {:call, Kernel, :defmodule, 2}

22:02:45.162 instance_id=19D30CA036A [debug] handled request client -> server textDocument/codeAction in 138ms

22:02:53.330 instance_id=19D30CA036A [debug] handled notification client -> server textDocument/didChange in 1ms

22:02:53.385 instance_id=19D30CA036A [debug] sent notification server -> client textDocument/publishDiagnostics

22:02:53.385 instance_id=19D30CA036A [debug] sent notification server -> client textDocument/publishDiagnostics

22:02:53.385 instance_id=19D30CA036A [debug] Node port message: 
22:02:53.385 [info] Plugins found 0 results in 0.009 ms


22:02:53.386 instance_id=19D30CA036A [debug] sent notification server -> client textDocument/publishDiagnostics

22:02:53.386 instance_id=19D30CA036A [debug] sent notification server -> client textDocument/publishDiagnostics

22:02:53.386 instance_id=19D30CA036A [debug] sent notification server -> client textDocument/publishDiagnostics

22:02:53.386 instance_id=19D30CA036A [debug] sent notification server -> client textDocument/publishDiagnostics

22:02:53.386 instance_id=19D30CA036A [debug] sent notification server -> client textDocument/publishDiagnostics

22:02:53.386 instance_id=19D30CA036A [debug] sent notification server -> client textDocument/publishDiagnostics

22:02:53.386 instance_id=19D30CA036A [debug] sent notification server -> client textDocument/publishDiagnostics

22:02:53.387 instance_id=19D30CA036A [debug] sent notification server -> client textDocument/publishDiagnostics

22:02:53.387 instance_id=19D30CA036A [debug] sent notification server -> client textDocument/publishDiagnostics

22:02:53.387 instance_id=19D30CA036A [debug] sent notification server -> client textDocument/publishDiagnostics

22:02:53.387 instance_id=19D30CA036A [debug] sent notification server -> client textDocument/publishDiagnostics

22:02:53.388 instance_id=19D30CA036A [debug] sent notification server -> client textDocument/publishDiagnostics

22:02:53.388 instance_id=19D30CA036A [debug] sent notification server -> client textDocument/publishDiagnostics

22:02:53.388 instance_id=19D30CA036A [debug] sent notification server -> client textDocument/publishDiagnostics

22:02:53.388 instance_id=19D30CA036A [debug] sent notification server -> client textDocument/publishDiagnostics

22:02:53.576 instance_id=19D30CA036A [debug] handled notification client -> server workspace/didChangeWatchedFiles in 627µs

22:02:53.644 instance_id=19D30CA036A [debug] sent notification server -> client window/logMessage

22:02:53.644 instance_id=19D30CA036A [info] Resolved entity: {:call, Kernel, :defmodule, 2}

22:02:53.806 instance_id=19D30CA036A [debug] handled request client -> server textDocument/codeAction in 166ms

22:03:03.746 instance_id=19D30CA036A [debug] handled notification client -> server workspace/didChangeWatchedFiles in 1ms

22:03:19.539 instance_id=19D30CA036A [debug] handled notification client -> server textDocument/didClose in 263µs

22:03:33.138 instance_id=19D30CA036A [debug] handled notification client -> server textDocument/didChange in 863µs

22:03:33.386 instance_id=19D30CA036A [debug] handled notification client -> server workspace/didChangeWatchedFiles in 592µs

22:03:33.528 instance_id=19D30CA036A [debug] Node port message: 
22:03:33.528 [info] Plugins found 0 results in 0.005 ms


22:03:33.528 instance_id=19D30CA036A [debug] sent notification server -> client textDocument/publishDiagnostics

22:03:33.528 instance_id=19D30CA036A [debug] sent notification server -> client textDocument/publishDiagnostics

22:03:33.528 instance_id=19D30CA036A [debug] sent notification server -> client textDocument/publishDiagnostics

22:03:33.528 instance_id=19D30CA036A [debug] sent notification server -> client textDocument/publishDiagnostics

22:03:33.529 instance_id=19D30CA036A [debug] sent notification server -> client textDocument/publishDiagnostics

22:03:33.529 instance_id=19D30CA036A [debug] sent notification server -> client textDocument/publishDiagnostics

22:03:33.529 instance_id=19D30CA036A [debug] sent notification server -> client textDocument/publishDiagnostics

22:03:33.529 instance_id=19D30CA036A [debug] sent notification server -> client textDocument/publishDiagnostics

22:03:33.529 instance_id=19D30CA036A [debug] sent notification server -> client textDocument/publishDiagnostics

22:03:33.529 instance_id=19D30CA036A [debug] sent notification server -> client textDocument/publishDiagnostics

22:03:33.529 instance_id=19D30CA036A [debug] sent notification server -> client textDocument/publishDiagnostics

22:03:33.529 instance_id=19D30CA036A [debug] sent notification server -> client textDocument/publishDiagnostics

22:03:33.529 instance_id=19D30CA036A [debug] sent notification server -> client textDocument/publishDiagnostics

22:03:33.530 instance_id=19D30CA036A [debug] sent notification server -> client textDocument/publishDiagnostics

22:03:33.530 instance_id=19D30CA036A [debug] sent notification server -> client textDocument/publishDiagnostics

22:03:33.530 instance_id=19D30CA036A [debug] sent notification server -> client textDocument/publishDiagnostics

22:03:33.530 instance_id=19D30CA036A [debug] sent notification server -> client textDocument/publishDiagnostics

22:03:33.788 instance_id=19D30CA036A [debug] sent notification server -> client window/logMessage

22:03:33.788 instance_id=19D30CA036A [info] Resolved entity: {:call, Kernel, :defmodule, 2}

22:03:33.930 instance_id=19D30CA036A [debug] handled request client -> server textDocument/codeAction in 149ms

22:03:42.760 instance_id=19D30CA036A [debug] handled notification client -> server textDocument/didClose in 176µs

22:03:47.116 instance_id=19D30CA036A [debug] handled notification client -> server textDocument/didChange in 799µs

22:03:47.170 instance_id=19D30CA036A [debug] sent notification server -> client textDocument/publishDiagnostics

22:03:47.170 instance_id=19D30CA036A [debug] sent notification server -> client textDocument/publishDiagnostics

22:03:47.170 instance_id=19D30CA036A [debug] Node port message: 
22:03:47.170 [info] Plugins found 0 results in 0.007 ms


22:03:47.170 instance_id=19D30CA036A [debug] sent notification server -> client textDocument/publishDiagnostics

22:03:47.171 instance_id=19D30CA036A [debug] sent notification server -> client textDocument/publishDiagnostics

22:03:47.171 instance_id=19D30CA036A [debug] sent notification server -> client textDocument/publishDiagnostics

22:03:47.171 instance_id=19D30CA036A [debug] sent notification server -> client textDocument/publishDiagnostics

22:03:47.171 instance_id=19D30CA036A [debug] sent notification server -> client textDocument/publishDiagnostics

22:03:47.171 instance_id=19D30CA036A [debug] sent notification server -> client textDocument/publishDiagnostics

22:03:47.171 instance_id=19D30CA036A [debug] sent notification server -> client textDocument/publishDiagnostics

22:03:47.171 instance_id=19D30CA036A [debug] sent notification server -> client textDocument/publishDiagnostics

22:03:47.172 instance_id=19D30CA036A [debug] sent notification server -> client textDocument/publishDiagnostics

22:03:47.172 instance_id=19D30CA036A [debug] sent notification server -> client textDocument/publishDiagnostics

22:03:47.172 instance_id=19D30CA036A [debug] sent notification server -> client textDocument/publishDiagnostics

22:03:47.173 instance_id=19D30CA036A [debug] sent notification server -> client textDocument/publishDiagnostics

22:03:47.173 instance_id=19D30CA036A [debug] sent notification server -> client textDocument/publishDiagnostics

22:03:47.173 instance_id=19D30CA036A [debug] sent notification server -> client textDocument/publishDiagnostics

22:03:47.173 instance_id=19D30CA036A [debug] sent notification server -> client textDocument/publishDiagnostics

22:03:47.368 instance_id=19D30CA036A [debug] handled notification client -> server workspace/didChangeWatchedFiles in 566µs

22:03:47.430 instance_id=19D30CA036A [debug] sent notification server -> client window/logMessage

22:03:47.430 instance_id=19D30CA036A [info] Resolved entity: {:call, Kernel, :defmodule, 2}

22:03:47.522 instance_id=19D30CA036A [debug] handled notification client -> server textDocument/didClose in 146µs

22:03:47.620 instance_id=19D30CA036A [debug] handled request client -> server textDocument/codeAction in 196ms

22:04:09.670 instance_id=19D30CA036A [debug] handled notification client -> server textDocument/didChange in 805µs

22:04:09.724 instance_id=19D30CA036A [debug] sent notification server -> client textDocument/publishDiagnostics

22:04:09.724 instance_id=19D30CA036A [debug] Node port message: 
22:04:09.723 [info] Plugins found 0 results in 0.006 ms


22:04:09.724 instance_id=19D30CA036A [debug] sent notification server -> client textDocument/publishDiagnostics

22:04:09.724 instance_id=19D30CA036A [debug] sent notification server -> client textDocument/publishDiagnostics

22:04:09.724 instance_id=19D30CA036A [debug] sent notification server -> client textDocument/publishDiagnostics

22:04:09.724 instance_id=19D30CA036A [debug] sent notification server -> client textDocument/publishDiagnostics

22:04:09.724 instance_id=19D30CA036A [debug] sent notification server -> client textDocument/publishDiagnostics

22:04:09.724 instance_id=19D30CA036A [debug] sent notification server -> client textDocument/publishDiagnostics

22:04:09.724 instance_id=19D30CA036A [debug] sent notification server -> client textDocument/publishDiagnostics

22:04:09.725 instance_id=19D30CA036A [debug] sent notification server -> client textDocument/publishDiagnostics

22:04:09.725 instance_id=19D30CA036A [debug] sent notification server -> client textDocument/publishDiagnostics

22:04:09.725 instance_id=19D30CA036A [debug] sent notification server -> client textDocument/publishDiagnostics

22:04:09.725 instance_id=19D30CA036A [debug] sent notification server -> client textDocument/publishDiagnostics

22:04:09.726 instance_id=19D30CA036A [debug] sent notification server -> client textDocument/publishDiagnostics

22:04:09.726 instance_id=19D30CA036A [debug] sent notification server -> client textDocument/publishDiagnostics

22:04:09.726 instance_id=19D30CA036A [debug] sent notification server -> client textDocument/publishDiagnostics

22:04:09.726 instance_id=19D30CA036A [debug] sent notification server -> client textDocument/publishDiagnostics

22:04:09.726 instance_id=19D30CA036A [debug] sent notification server -> client textDocument/publishDiagnostics

22:04:09.921 instance_id=19D30CA036A [debug] handled notification client -> server workspace/didChangeWatchedFiles in 678µs

22:04:09.986 instance_id=19D30CA036A [debug] sent notification server -> client window/logMessage

22:04:09.985 instance_id=19D30CA036A [info] Resolved entity: {:call, Kernel, :defmodule, 2}

22:04:10.135 instance_id=19D30CA036A [debug] handled request client -> server textDocument/codeAction in 156ms

22:04:17.174 instance_id=19D30CA036A [debug] handled notification client -> server workspace/didChangeWatchedFiles in 1ms

22:04:32.411 instance_id=19D30CA036A [debug] handled notification client -> server textDocument/didClose in 185µs

22:05:44.609 instance_id=19D30CA036A [debug] handled notification client -> server textDocument/didClose in 185µs

22:11:40.730 instance_id=19D30CA036A [debug] sent notification server -> client window/logMessage

22:11:40.730 instance_id=19D30CA036A [info] Opened file:///Users/aoeu/personal/lang-learn-journal/lib/sprachjournal_web/components/journal_components.ex

22:11:40.730 instance_id=19D30CA036A [debug] handled notification client -> server textDocument/didOpen in 862µs

22:11:44.119 instance_id=19D30CA036A [debug] sent notification server -> client window/logMessage

22:11:44.119 instance_id=19D30CA036A [info] Opened file:///Users/aoeu/personal/lang-learn-journal/lib/sprachjournal/settings/config.ex

22:11:44.119 instance_id=19D30CA036A [debug] handled notification client -> server textDocument/didOpen in 1ms

22:11:44.518 instance_id=19D30CA036A [debug] sent notification server -> client window/logMessage

22:11:44.518 instance_id=19D30CA036A [info] Opened file:///Users/aoeu/personal/lang-learn-journal/lib/sprachjournal_web/live/settings_live.ex

22:11:44.519 instance_id=19D30CA036A [debug] handled notification client -> server textDocument/didOpen in 1ms

22:11:52.756 instance_id=19D30CA036A [debug] handled notification client -> server workspace/didChangeWatchedFiles in 1ms

22:11:58.562 instance_id=19D30CA036A [debug] handled notification client -> server textDocument/didChange in 1ms

22:11:58.629 instance_id=19D30CA036A [debug] sent notification server -> client textDocument/publishDiagnostics

22:11:58.629 instance_id=19D30CA036A [debug] sent notification server -> client textDocument/publishDiagnostics

22:11:58.629 instance_id=19D30CA036A [debug] Node port message: 
22:11:58.629 [info] Plugins found 0 results in 0.003 ms


22:11:58.629 instance_id=19D30CA036A [debug] sent notification server -> client textDocument/publishDiagnostics

22:11:58.629 instance_id=19D30CA036A [debug] sent notification server -> client textDocument/publishDiagnostics

22:11:58.630 instance_id=19D30CA036A [debug] sent notification server -> client textDocument/publishDiagnostics

22:11:58.630 instance_id=19D30CA036A [debug] sent notification server -> client textDocument/publishDiagnostics

22:11:58.630 instance_id=19D30CA036A [debug] sent notification server -> client textDocument/publishDiagnostics

22:11:58.630 instance_id=19D30CA036A [debug] sent notification server -> client textDocument/publishDiagnostics

22:11:58.630 instance_id=19D30CA036A [debug] sent notification server -> client textDocument/publishDiagnostics

22:11:58.630 instance_id=19D30CA036A [debug] sent notification server -> client textDocument/publishDiagnostics

22:11:58.630 instance_id=19D30CA036A [debug] sent notification server -> client textDocument/publishDiagnostics

22:11:58.631 instance_id=19D30CA036A [debug] sent notification server -> client textDocument/publishDiagnostics

22:11:58.631 instance_id=19D30CA036A [debug] sent notification server -> client textDocument/publishDiagnostics

22:11:58.631 instance_id=19D30CA036A [debug] sent notification server -> client textDocument/publishDiagnostics

22:11:58.631 instance_id=19D30CA036A [debug] sent notification server -> client textDocument/publishDiagnostics

22:11:58.632 instance_id=19D30CA036A [debug] sent notification server -> client textDocument/publishDiagnostics

22:11:58.632 instance_id=19D30CA036A [debug] sent notification server -> client textDocument/publishDiagnostics

22:11:58.632 instance_id=19D30CA036A [debug] sent notification server -> client textDocument/publishDiagnostics

22:11:58.812 instance_id=19D30CA036A [debug] handled notification client -> server workspace/didChangeWatchedFiles in 731µs

22:11:58.888 instance_id=19D30CA036A [debug] sent notification server -> client window/logMessage

22:11:58.888 instance_id=19D30CA036A [info] Resolved entity: {:call, Kernel, :defmodule, 2}

22:11:59.044 instance_id=19D30CA036A [debug] handled request client -> server textDocument/codeAction in 160ms

22:12:18.003 instance_id=19D30CA036A [debug] sent notification server -> client window/logMessage

22:12:18.003 instance_id=19D30CA036A [info] Opened file:///Users/aoeu/personal/lang-learn-journal/lib/sprachjournal/ai/proofreader.ex

22:12:18.003 instance_id=19D30CA036A [debug] handled notification client -> server textDocument/didOpen in 1ms

22:12:18.152 instance_id=19D30CA036A [debug] handled notification client -> server textDocument/didChange in 741µs

22:12:18.265 instance_id=19D30CA036A [debug] sent notification server -> client textDocument/publishDiagnostics

22:12:18.265 instance_id=19D30CA036A [debug] Node port message: 
22:12:18.265 [info] Plugins found 0 results in 0.006 ms


22:12:18.265 instance_id=19D30CA036A [debug] sent notification server -> client textDocument/publishDiagnostics

22:12:18.265 instance_id=19D30CA036A [debug] sent notification server -> client textDocument/publishDiagnostics

22:12:18.265 instance_id=19D30CA036A [debug] sent notification server -> client textDocument/publishDiagnostics

22:12:18.266 instance_id=19D30CA036A [debug] sent notification server -> client textDocument/publishDiagnostics

22:12:18.266 instance_id=19D30CA036A [debug] sent notification server -> client textDocument/publishDiagnostics

22:12:18.266 instance_id=19D30CA036A [debug] sent notification server -> client textDocument/publishDiagnostics

22:12:18.266 instance_id=19D30CA036A [debug] sent notification server -> client textDocument/publishDiagnostics

22:12:18.266 instance_id=19D30CA036A [debug] sent notification server -> client textDocument/publishDiagnostics

22:12:18.266 instance_id=19D30CA036A [debug] sent notification server -> client textDocument/publishDiagnostics

22:12:18.266 instance_id=19D30CA036A [debug] sent notification server -> client textDocument/publishDiagnostics

22:12:18.267 instance_id=19D30CA036A [debug] sent notification server -> client textDocument/publishDiagnostics

22:12:18.267 instance_id=19D30CA036A [debug] sent notification server -> client textDocument/publishDiagnostics

22:12:18.267 instance_id=19D30CA036A [debug] sent notification server -> client textDocument/publishDiagnostics

22:12:18.267 instance_id=19D30CA036A [debug] sent notification server -> client textDocument/publishDiagnostics

22:12:18.267 instance_id=19D30CA036A [debug] sent notification server -> client textDocument/publishDiagnostics

22:12:18.267 instance_id=19D30CA036A [debug] sent notification server -> client textDocument/publishDiagnostics

22:12:18.268 instance_id=19D30CA036A [debug] sent notification server -> client textDocument/publishDiagnostics

22:12:18.403 instance_id=19D30CA036A [debug] handled notification client -> server workspace/didChangeWatchedFiles in 709µs

22:12:18.526 instance_id=19D30CA036A [debug] sent notification server -> client window/logMessage

22:12:18.526 instance_id=19D30CA036A [info] Resolved entity: {:call, Kernel, :defmodule, 2}

22:12:18.667 instance_id=19D30CA036A [debug] handled request client -> server textDocument/codeAction in 147ms

22:12:26.622 instance_id=19D30CA036A [debug] handled notification client -> server textDocument/didChange in 947µs

22:12:26.794 instance_id=19D30CA036A [debug] Node port message: 
22:12:26.794 [info] Plugins found 0 results in 0.005 ms


22:12:26.794 instance_id=19D30CA036A [debug] sent notification server -> client textDocument/publishDiagnostics

22:12:26.794 instance_id=19D30CA036A [debug] sent notification server -> client textDocument/publishDiagnostics

22:12:26.795 instance_id=19D30CA036A [debug] sent notification server -> client textDocument/publishDiagnostics

22:12:26.795 instance_id=19D30CA036A [debug] sent notification server -> client textDocument/publishDiagnostics

22:12:26.795 instance_id=19D30CA036A [debug] sent notification server -> client textDocument/publishDiagnostics

22:12:26.795 instance_id=19D30CA036A [debug] sent notification server -> client textDocument/publishDiagnostics

22:12:26.795 instance_id=19D30CA036A [debug] sent notification server -> client textDocument/publishDiagnostics

22:12:26.795 instance_id=19D30CA036A [debug] sent notification server -> client textDocument/publishDiagnostics

22:12:26.795 instance_id=19D30CA036A [debug] sent notification server -> client textDocument/publishDiagnostics

22:12:26.795 instance_id=19D30CA036A [debug] sent notification server -> client textDocument/publishDiagnostics

22:12:26.795 instance_id=19D30CA036A [debug] sent notification server -> client textDocument/publishDiagnostics

22:12:26.796 instance_id=19D30CA036A [debug] sent notification server -> client textDocument/publishDiagnostics

22:12:26.796 instance_id=19D30CA036A [debug] sent notification server -> client textDocument/publishDiagnostics

22:12:26.796 instance_id=19D30CA036A [debug] sent notification server -> client textDocument/publishDiagnostics

22:12:26.796 instance_id=19D30CA036A [debug] sent notification server -> client textDocument/publishDiagnostics

22:12:26.797 instance_id=19D30CA036A [debug] sent notification server -> client textDocument/publishDiagnostics

22:12:26.797 instance_id=19D30CA036A [debug] sent notification server -> client textDocument/publishDiagnostics

22:12:26.797 instance_id=19D30CA036A [debug] sent notification server -> client textDocument/publishDiagnostics

22:12:26.869 instance_id=19D30CA036A [debug] handled notification client -> server workspace/didChangeWatchedFiles in 604µs

22:12:26.873 instance_id=19D30CA036A [debug] handled request client -> server textDocument/codeLens in 298µs

22:12:27.012 instance_id=19D30CA036A [debug] handled request client -> server textDocument/documentSymbol in 42ms

22:12:27.012 instance_id=19D30CA036A [debug] handled request client -> server textDocument/documentSymbol in 42ms

22:12:27.052 instance_id=19D30CA036A [debug] sent notification server -> client window/logMessage

22:12:27.052 instance_id=19D30CA036A [info] Resolved entity: {:call, Kernel, :defmodule, 2}

22:12:27.190 instance_id=19D30CA036A [debug] handled request client -> server textDocument/codeAction in 141ms

22:12:36.472 instance_id=19D30CA036A [debug] sent notification server -> client window/logMessage

22:12:36.472 instance_id=19D30CA036A [info] Opened file:///Users/aoeu/personal/lang-learn-journal/lib/sprachjournal_web/live/entry_live/new.ex

22:12:36.472 instance_id=19D30CA036A [debug] handled notification client -> server textDocument/didOpen in 898µs

22:12:40.990 instance_id=19D30CA036A [debug] handled notification client -> server textDocument/didChange in 1ms

22:12:41.047 instance_id=19D30CA036A [debug] sent notification server -> client textDocument/publishDiagnostics

22:12:41.047 instance_id=19D30CA036A [debug] sent notification server -> client textDocument/publishDiagnostics

22:12:41.047 instance_id=19D30CA036A [debug] Node port message: 
22:12:41.047 [info] Plugins found 0 results in 0.006 ms


22:12:41.047 instance_id=19D30CA036A [debug] sent notification server -> client textDocument/publishDiagnostics

22:12:41.047 instance_id=19D30CA036A [debug] sent notification server -> client textDocument/publishDiagnostics

22:12:41.048 instance_id=19D30CA036A [debug] sent notification server -> client textDocument/publishDiagnostics

22:12:41.048 instance_id=19D30CA036A [debug] sent notification server -> client textDocument/publishDiagnostics

22:12:41.048 instance_id=19D30CA036A [debug] sent notification server -> client textDocument/publishDiagnostics

22:12:41.048 instance_id=19D30CA036A [debug] sent notification server -> client textDocument/publishDiagnostics

22:12:41.048 instance_id=19D30CA036A [debug] sent notification server -> client textDocument/publishDiagnostics

22:12:41.048 instance_id=19D30CA036A [debug] sent notification server -> client textDocument/publishDiagnostics

22:12:41.049 instance_id=19D30CA036A [debug] sent notification server -> client textDocument/publishDiagnostics

22:12:41.049 instance_id=19D30CA036A [debug] sent notification server -> client textDocument/publishDiagnostics

22:12:41.049 instance_id=19D30CA036A [debug] sent notification server -> client textDocument/publishDiagnostics

22:12:41.049 instance_id=19D30CA036A [debug] sent notification server -> client textDocument/publishDiagnostics

22:12:41.049 instance_id=19D30CA036A [debug] sent notification server -> client textDocument/publishDiagnostics

22:12:41.050 instance_id=19D30CA036A [debug] sent notification server -> client textDocument/publishDiagnostics

22:12:41.050 instance_id=19D30CA036A [debug] sent notification server -> client textDocument/publishDiagnostics

22:12:41.050 instance_id=19D30CA036A [debug] sent notification server -> client textDocument/publishDiagnostics

22:12:41.238 instance_id=19D30CA036A [debug] handled notification client -> server workspace/didChangeWatchedFiles in 595µs

22:12:41.307 instance_id=19D30CA036A [debug] sent notification server -> client window/logMessage

22:12:41.307 instance_id=19D30CA036A [info] Resolved entity: {:call, Kernel, :defmodule, 2}

22:12:41.462 instance_id=19D30CA036A [debug] handled request client -> server textDocument/codeAction in 160ms

22:12:41.752 instance_id=19D30CA036A [debug] handled notification client -> server workspace/didChangeWatchedFiles in 764µs

22:12:45.525 instance_id=19D30CA036A [debug] sent notification server -> client window/logMessage

22:12:45.524 instance_id=19D30CA036A [info] Opened file:///Users/aoeu/personal/lang-learn-journal/lib/sprachjournal_web/live/entry_live/edit.ex

22:12:45.525 instance_id=19D30CA036A [debug] handled notification client -> server textDocument/didOpen in 987µs

22:12:49.809 instance_id=19D30CA036A [debug] handled notification client -> server textDocument/didChange in 986µs

22:12:49.864 instance_id=19D30CA036A [debug] sent notification server -> client textDocument/publishDiagnostics

22:12:49.865 instance_id=19D30CA036A [debug] Node port message: 
22:12:49.864 [info] Plugins found 0 results in 0.008 ms


22:12:49.865 instance_id=19D30CA036A [debug] sent notification server -> client textDocument/publishDiagnostics

22:12:49.865 instance_id=19D30CA036A [debug] sent notification server -> client textDocument/publishDiagnostics

22:12:49.865 instance_id=19D30CA036A [debug] sent notification server -> client textDocument/publishDiagnostics

22:12:49.865 instance_id=19D30CA036A [debug] sent notification server -> client textDocument/publishDiagnostics

22:12:49.865 instance_id=19D30CA036A [debug] sent notification server -> client textDocument/publishDiagnostics

22:12:49.866 instance_id=19D30CA036A [debug] sent notification server -> client textDocument/publishDiagnostics

22:12:49.866 instance_id=19D30CA036A [debug] sent notification server -> client textDocument/publishDiagnostics

22:12:49.866 instance_id=19D30CA036A [debug] sent notification server -> client textDocument/publishDiagnostics

22:12:49.866 instance_id=19D30CA036A [debug] sent notification server -> client textDocument/publishDiagnostics

22:12:49.866 instance_id=19D30CA036A [debug] sent notification server -> client textDocument/publishDiagnostics

22:12:49.866 instance_id=19D30CA036A [debug] sent notification server -> client textDocument/publishDiagnostics

22:12:49.866 instance_id=19D30CA036A [debug] sent notification server -> client textDocument/publishDiagnostics

22:12:49.867 instance_id=19D30CA036A [debug] sent notification server -> client textDocument/publishDiagnostics

22:12:49.867 instance_id=19D30CA036A [debug] sent notification server -> client textDocument/publishDiagnostics

22:12:49.867 instance_id=19D30CA036A [debug] sent notification server -> client textDocument/publishDiagnostics

22:12:49.867 instance_id=19D30CA036A [debug] sent notification server -> client textDocument/publishDiagnostics

22:12:49.868 instance_id=19D30CA036A [debug] sent notification server -> client textDocument/publishDiagnostics

22:12:50.057 instance_id=19D30CA036A [debug] handled notification client -> server workspace/didChangeWatchedFiles in 927µs

22:12:50.127 instance_id=19D30CA036A [debug] sent notification server -> client window/logMessage

22:12:50.127 instance_id=19D30CA036A [info] Resolved entity: {:call, Kernel, :defmodule, 2}

22:12:50.272 instance_id=19D30CA036A [debug] handled request client -> server textDocument/codeAction in 152ms

22:13:23.578 instance_id=19D30CA036A [debug] handled notification client -> server textDocument/didChange in 981µs

22:13:23.702 instance_id=19D30CA036A [debug] sent notification server -> client textDocument/publishDiagnostics

22:13:23.702 instance_id=19D30CA036A [debug] Node port message: 
22:13:23.702 [info] Plugins found 0 results in 0.007 ms


22:13:23.702 instance_id=19D30CA036A [debug] sent notification server -> client textDocument/publishDiagnostics

22:13:23.702 instance_id=19D30CA036A [debug] sent notification server -> client textDocument/publishDiagnostics

22:13:23.703 instance_id=19D30CA036A [debug] sent notification server -> client textDocument/publishDiagnostics

22:13:23.703 instance_id=19D30CA036A [debug] sent notification server -> client textDocument/publishDiagnostics

22:13:23.703 instance_id=19D30CA036A [debug] sent notification server -> client textDocument/publishDiagnostics

22:13:23.703 instance_id=19D30CA036A [debug] sent notification server -> client textDocument/publishDiagnostics

22:13:23.703 instance_id=19D30CA036A [debug] sent notification server -> client textDocument/publishDiagnostics

22:13:23.703 instance_id=19D30CA036A [debug] sent notification server -> client textDocument/publishDiagnostics

22:13:23.703 instance_id=19D30CA036A [debug] sent notification server -> client textDocument/publishDiagnostics

22:13:23.703 instance_id=19D30CA036A [debug] sent notification server -> client textDocument/publishDiagnostics

22:13:23.703 instance_id=19D30CA036A [debug] sent notification server -> client textDocument/publishDiagnostics

22:13:23.704 instance_id=19D30CA036A [debug] sent notification server -> client textDocument/publishDiagnostics

22:13:23.704 instance_id=19D30CA036A [debug] sent notification server -> client textDocument/publishDiagnostics

22:13:23.704 instance_id=19D30CA036A [debug] sent notification server -> client textDocument/publishDiagnostics

22:13:23.704 instance_id=19D30CA036A [debug] sent notification server -> client textDocument/publishDiagnostics

22:13:23.704 instance_id=19D30CA036A [debug] sent notification server -> client textDocument/publishDiagnostics

22:13:23.704 instance_id=19D30CA036A [debug] sent notification server -> client textDocument/publishDiagnostics

22:13:23.828 instance_id=19D30CA036A [debug] handled notification client -> server workspace/didChangeWatchedFiles in 844µs

22:13:23.962 instance_id=19D30CA036A [debug] sent notification server -> client window/logMessage

22:13:23.962 instance_id=19D30CA036A [info] Resolved entity: {:call, Kernel, :defmodule, 2}

22:13:24.109 instance_id=19D30CA036A [debug] handled request client -> server textDocument/codeAction in 153ms

22:14:17.564 instance_id=19D30CA036A [debug] handled notification client -> server textDocument/didChange in 892µs

22:14:17.618 instance_id=19D30CA036A [debug] sent notification server -> client textDocument/publishDiagnostics

22:14:17.618 instance_id=19D30CA036A [debug] Node port message: 
22:14:17.618 [info] Plugins found 0 results in 0.006 ms


22:14:17.618 instance_id=19D30CA036A [debug] sent notification server -> client textDocument/publishDiagnostics

22:14:17.618 instance_id=19D30CA036A [debug] sent notification server -> client textDocument/publishDiagnostics

22:14:17.619 instance_id=19D30CA036A [debug] sent notification server -> client textDocument/publishDiagnostics

22:14:17.619 instance_id=19D30CA036A [debug] sent notification server -> client textDocument/publishDiagnostics

22:14:17.619 instance_id=19D30CA036A [debug] sent notification server -> client textDocument/publishDiagnostics

22:14:17.619 instance_id=19D30CA036A [debug] sent notification server -> client textDocument/publishDiagnostics

22:14:17.619 instance_id=19D30CA036A [debug] sent notification server -> client textDocument/publishDiagnostics

22:14:17.619 instance_id=19D30CA036A [debug] sent notification server -> client textDocument/publishDiagnostics

22:14:17.619 instance_id=19D30CA036A [debug] sent notification server -> client textDocument/publishDiagnostics

22:14:17.619 instance_id=19D30CA036A [debug] sent notification server -> client textDocument/publishDiagnostics

22:14:17.619 instance_id=19D30CA036A [debug] sent notification server -> client textDocument/publishDiagnostics

22:14:17.620 instance_id=19D30CA036A [debug] sent notification server -> client textDocument/publishDiagnostics

22:14:17.620 instance_id=19D30CA036A [debug] sent notification server -> client textDocument/publishDiagnostics

22:14:17.620 instance_id=19D30CA036A [debug] sent notification server -> client textDocument/publishDiagnostics

22:14:17.620 instance_id=19D30CA036A [debug] sent notification server -> client textDocument/publishDiagnostics

22:14:17.620 instance_id=19D30CA036A [debug] sent notification server -> client textDocument/publishDiagnostics

22:14:17.621 instance_id=19D30CA036A [debug] sent notification server -> client textDocument/publishDiagnostics

22:14:17.816 instance_id=19D30CA036A [debug] handled notification client -> server workspace/didChangeWatchedFiles in 1ms

22:14:17.878 instance_id=19D30CA036A [debug] sent notification server -> client window/logMessage

22:14:17.878 instance_id=19D30CA036A [info] Resolved entity: {:call, Kernel, :defmodule, 2}

22:14:18.021 instance_id=19D30CA036A [debug] handled request client -> server textDocument/codeAction in 149ms

22:14:26.422 instance_id=19D30CA036A [debug] handled notification client -> server workspace/didChangeWatchedFiles in 589µs

22:14:40.733 instance_id=19D30CA036A [debug] handled notification client -> server textDocument/didClose in 326µs

22:14:44.126 instance_id=19D30CA036A [debug] handled notification client -> server textDocument/didClose in 249µs

22:14:44.522 instance_id=19D30CA036A [debug] handled notification client -> server textDocument/didClose in 190µs

22:15:18.003 instance_id=19D30CA036A [debug] handled notification client -> server textDocument/didClose in 110µs

22:15:36.476 instance_id=19D30CA036A [debug] handled notification client -> server textDocument/didClose in 404µs

22:15:45.528 instance_id=19D30CA036A [debug] handled notification client -> server textDocument/didClose in 274µs

22:22:06.917 instance_id=19D30CA036A [debug] sent notification server -> client window/logMessage

22:22:06.917 instance_id=19D30CA036A [info] Opened file:///Users/aoeu/personal/lang-learn-journal/lib/sprachjournal_web/components/journal_components.ex

22:22:06.917 instance_id=19D30CA036A [debug] handled notification client -> server textDocument/didOpen in 801µs

22:22:07.017 instance_id=19D30CA036A [debug] handled notification client -> server textDocument/didChange in 765µs

22:22:07.145 instance_id=19D30CA036A [debug] Node port message: 
22:22:07.144 [info] Plugins found 0 results in 0.005 ms


22:22:07.145 instance_id=19D30CA036A [debug] sent notification server -> client textDocument/publishDiagnostics

22:22:07.145 instance_id=19D30CA036A [debug] sent notification server -> client textDocument/publishDiagnostics

22:22:07.145 instance_id=19D30CA036A [debug] sent notification server -> client textDocument/publishDiagnostics

22:22:07.145 instance_id=19D30CA036A [debug] sent notification server -> client textDocument/publishDiagnostics

22:22:07.145 instance_id=19D30CA036A [debug] sent notification server -> client textDocument/publishDiagnostics

22:22:07.145 instance_id=19D30CA036A [debug] sent notification server -> client textDocument/publishDiagnostics

22:22:07.145 instance_id=19D30CA036A [debug] sent notification server -> client textDocument/publishDiagnostics

22:22:07.145 instance_id=19D30CA036A [debug] sent notification server -> client textDocument/publishDiagnostics

22:22:07.145 instance_id=19D30CA036A [debug] sent notification server -> client textDocument/publishDiagnostics

22:22:07.146 instance_id=19D30CA036A [debug] sent notification server -> client textDocument/publishDiagnostics

22:22:07.146 instance_id=19D30CA036A [debug] sent notification server -> client textDocument/publishDiagnostics

22:22:07.146 instance_id=19D30CA036A [debug] sent notification server -> client textDocument/publishDiagnostics

22:22:07.146 instance_id=19D30CA036A [debug] sent notification server -> client textDocument/publishDiagnostics

22:22:07.147 instance_id=19D30CA036A [debug] sent notification server -> client textDocument/publishDiagnostics

22:22:07.147 instance_id=19D30CA036A [debug] sent notification server -> client textDocument/publishDiagnostics

22:22:07.147 instance_id=19D30CA036A [debug] sent notification server -> client textDocument/publishDiagnostics

22:22:07.147 instance_id=19D30CA036A [debug] sent notification server -> client textDocument/publishDiagnostics

22:22:07.148 instance_id=19D30CA036A [debug] sent notification server -> client textDocument/publishDiagnostics

22:22:07.265 instance_id=19D30CA036A [debug] handled notification client -> server workspace/didChangeWatchedFiles in 709µs

22:22:07.403 instance_id=19D30CA036A [debug] sent notification server -> client window/logMessage

22:22:07.403 instance_id=19D30CA036A [info] Resolved entity: {:call, Kernel, :defmodule, 2}

22:22:07.565 instance_id=19D30CA036A [debug] handled request client -> server textDocument/codeAction in 166ms

22:22:14.649 instance_id=19D30CA036A [debug] sent notification server -> client window/logMessage

22:22:14.649 instance_id=19D30CA036A [info] Opened file:///Users/aoeu/personal/lang-learn-journal/lib/sprachjournal_web/live/settings_live.ex

22:22:14.649 instance_id=19D30CA036A [debug] handled notification client -> server textDocument/didOpen in 775µs

22:22:14.747 instance_id=19D30CA036A [debug] handled notification client -> server textDocument/didChange in 844µs

22:22:14.802 instance_id=19D30CA036A [debug] sent notification server -> client textDocument/publishDiagnostics

22:22:14.802 instance_id=19D30CA036A [debug] Node port message: 
22:22:14.802 [info] Plugins found 0 results in 0.006 ms


22:22:14.802 instance_id=19D30CA036A [debug] sent notification server -> client textDocument/publishDiagnostics

22:22:14.803 instance_id=19D30CA036A [debug] sent notification server -> client textDocument/publishDiagnostics

22:22:14.803 instance_id=19D30CA036A [debug] sent notification server -> client textDocument/publishDiagnostics

22:22:14.803 instance_id=19D30CA036A [debug] sent notification server -> client textDocument/publishDiagnostics

22:22:14.803 instance_id=19D30CA036A [debug] sent notification server -> client textDocument/publishDiagnostics

22:22:14.803 instance_id=19D30CA036A [debug] sent notification server -> client textDocument/publishDiagnostics

22:22:14.803 instance_id=19D30CA036A [debug] sent notification server -> client textDocument/publishDiagnostics

22:22:14.803 instance_id=19D30CA036A [debug] sent notification server -> client textDocument/publishDiagnostics

22:22:14.803 instance_id=19D30CA036A [debug] sent notification server -> client textDocument/publishDiagnostics

22:22:14.804 instance_id=19D30CA036A [debug] sent notification server -> client textDocument/publishDiagnostics

22:22:14.804 instance_id=19D30CA036A [debug] sent notification server -> client textDocument/publishDiagnostics

22:22:14.804 instance_id=19D30CA036A [debug] sent notification server -> client textDocument/publishDiagnostics

22:22:14.805 instance_id=19D30CA036A [debug] sent notification server -> client textDocument/publishDiagnostics

22:22:14.805 instance_id=19D30CA036A [debug] sent notification server -> client textDocument/publishDiagnostics

22:22:14.805 instance_id=19D30CA036A [debug] sent notification server -> client textDocument/publishDiagnostics

22:22:14.805 instance_id=19D30CA036A [debug] sent notification server -> client textDocument/publishDiagnostics

22:22:14.805 instance_id=19D30CA036A [debug] sent notification server -> client textDocument/publishDiagnostics

22:22:14.995 instance_id=19D30CA036A [debug] handled notification client -> server workspace/didChangeWatchedFiles in 665µs

22:22:15.063 instance_id=19D30CA036A [debug] sent notification server -> client window/logMessage

22:22:15.063 instance_id=19D30CA036A [info] Resolved entity: {:call, Kernel, :defmodule, 2}

22:22:15.197 instance_id=19D30CA036A [debug] handled request client -> server textDocument/codeAction in 138ms

22:22:39.646 instance_id=19D30CA036A [debug] handled notification client -> server textDocument/didChange in 1ms

22:22:39.700 instance_id=19D30CA036A [debug] sent notification server -> client textDocument/publishDiagnostics

22:22:39.701 instance_id=19D30CA036A [debug] sent notification server -> client textDocument/publishDiagnostics

22:22:39.701 instance_id=19D30CA036A [debug] Node port message: 
22:22:39.700 [info] Plugins found 0 results in 0.004 ms


22:22:39.701 instance_id=19D30CA036A [debug] sent notification server -> client textDocument/publishDiagnostics

22:22:39.701 instance_id=19D30CA036A [debug] sent notification server -> client textDocument/publishDiagnostics

22:22:39.701 instance_id=19D30CA036A [debug] sent notification server -> client textDocument/publishDiagnostics

22:22:39.701 instance_id=19D30CA036A [debug] sent notification server -> client textDocument/publishDiagnostics

22:22:39.701 instance_id=19D30CA036A [debug] sent notification server -> client textDocument/publishDiagnostics

22:22:39.701 instance_id=19D30CA036A [debug] sent notification server -> client textDocument/publishDiagnostics

22:22:39.701 instance_id=19D30CA036A [debug] sent notification server -> client textDocument/publishDiagnostics

22:22:39.702 instance_id=19D30CA036A [debug] sent notification server -> client textDocument/publishDiagnostics

22:22:39.702 instance_id=19D30CA036A [debug] sent notification server -> client textDocument/publishDiagnostics

22:22:39.702 instance_id=19D30CA036A [debug] sent notification server -> client textDocument/publishDiagnostics

22:22:39.702 instance_id=19D30CA036A [debug] sent notification server -> client textDocument/publishDiagnostics

22:22:39.703 instance_id=19D30CA036A [debug] sent notification server -> client textDocument/publishDiagnostics

22:22:39.703 instance_id=19D30CA036A [debug] sent notification server -> client textDocument/publishDiagnostics

22:22:39.703 instance_id=19D30CA036A [debug] sent notification server -> client textDocument/publishDiagnostics

22:22:39.703 instance_id=19D30CA036A [debug] sent notification server -> client textDocument/publishDiagnostics

22:22:39.703 instance_id=19D30CA036A [debug] sent notification server -> client textDocument/publishDiagnostics

22:22:39.896 instance_id=19D30CA036A [debug] handled notification client -> server workspace/didChangeWatchedFiles in 664µs

22:22:39.959 instance_id=19D30CA036A [debug] sent notification server -> client window/logMessage

22:22:39.959 instance_id=19D30CA036A [info] Resolved entity: {:call, Kernel, :defmodule, 2}

22:22:40.088 instance_id=19D30CA036A [debug] handled request client -> server textDocument/codeAction in 133ms

22:22:46.163 instance_id=19D30CA036A [debug] handled notification client -> server textDocument/didChange in 849µs

22:22:46.284 instance_id=19D30CA036A [debug] Node port message: 
22:22:46.284 [info] Plugins found 0 results in 0.003 ms


22:22:46.284 instance_id=19D30CA036A [debug] sent notification server -> client textDocument/publishDiagnostics

22:22:46.284 instance_id=19D30CA036A [debug] sent notification server -> client textDocument/publishDiagnostics

22:22:46.285 instance_id=19D30CA036A [debug] sent notification server -> client textDocument/publishDiagnostics

22:22:46.285 instance_id=19D30CA036A [debug] sent notification server -> client textDocument/publishDiagnostics

22:22:46.285 instance_id=19D30CA036A [debug] sent notification server -> client textDocument/publishDiagnostics

22:22:46.285 instance_id=19D30CA036A [debug] sent notification server -> client textDocument/publishDiagnostics

22:22:46.285 instance_id=19D30CA036A [debug] sent notification server -> client textDocument/publishDiagnostics

22:22:46.285 instance_id=19D30CA036A [debug] sent notification server -> client textDocument/publishDiagnostics

22:22:46.285 instance_id=19D30CA036A [debug] sent notification server -> client textDocument/publishDiagnostics

22:22:46.286 instance_id=19D30CA036A [debug] sent notification server -> client textDocument/publishDiagnostics

22:22:46.286 instance_id=19D30CA036A [debug] sent notification server -> client textDocument/publishDiagnostics

22:22:46.286 instance_id=19D30CA036A [debug] sent notification server -> client textDocument/publishDiagnostics

22:22:46.286 instance_id=19D30CA036A [debug] sent notification server -> client textDocument/publishDiagnostics

22:22:46.287 instance_id=19D30CA036A [debug] sent notification server -> client textDocument/publishDiagnostics

22:22:46.287 instance_id=19D30CA036A [debug] sent notification server -> client textDocument/publishDiagnostics

22:22:46.287 instance_id=19D30CA036A [debug] sent notification server -> client textDocument/publishDiagnostics

22:22:46.287 instance_id=19D30CA036A [debug] sent notification server -> client textDocument/publishDiagnostics

22:22:46.287 instance_id=19D30CA036A [debug] sent notification server -> client textDocument/publishDiagnostics

22:22:46.413 instance_id=19D30CA036A [debug] handled notification client -> server workspace/didChangeWatchedFiles in 646µs

22:22:46.542 instance_id=19D30CA036A [debug] sent notification server -> client window/logMessage

22:22:46.542 instance_id=19D30CA036A [info] Resolved entity: {:call, Kernel, :defmodule, 2}

22:22:46.715 instance_id=19D30CA036A [debug] handled request client -> server textDocument/codeAction in 176ms

22:25:06.919 instance_id=19D30CA036A [debug] handled notification client -> server textDocument/didClose in 279µs

22:25:14.651 instance_id=19D30CA036A [debug] handled notification client -> server textDocument/didClose in 277µs

22:27:04.932 instance_id=19D30CA036A [debug] sent notification server -> client window/logMessage

22:27:04.932 instance_id=19D30CA036A [info] Opened file:///Users/aoeu/personal/lang-learn-journal/lib/sprachjournal_web/endpoint.ex

22:27:04.932 instance_id=19D30CA036A [debug] handled notification client -> server textDocument/didOpen in 1ms

22:27:44.953 instance_id=19D30CA036A [debug] sent notification server -> client window/logMessage

22:27:44.953 instance_id=19D30CA036A [info] Opened file:///Users/aoeu/personal/lang-learn-journal/lib/sprachjournal_web/components/journal_components.ex

22:27:44.953 instance_id=19D30CA036A [debug] handled notification client -> server textDocument/didOpen in 855µs

22:28:28.362 instance_id=19D30CA036A [debug] sent notification server -> client window/logMessage

22:28:28.362 instance_id=19D30CA036A [info] Opened file:///Users/aoeu/personal/lang-learn-journal/lib/sprachjournal/ai/proofreader.ex

22:28:28.362 instance_id=19D30CA036A [debug] handled notification client -> server textDocument/didOpen in 852µs

22:28:41.867 instance_id=19D30CA036A [debug] handled notification client -> server textDocument/didChange in 893µs

22:28:41.980 instance_id=19D30CA036A [debug] Node port message: 
22:28:41.980 [info] Plugins found 0 results in 0.004 ms


22:28:41.980 instance_id=19D30CA036A [debug] sent notification server -> client textDocument/publishDiagnostics

22:28:41.980 instance_id=19D30CA036A [debug] sent notification server -> client textDocument/publishDiagnostics

22:28:41.980 instance_id=19D30CA036A [debug] sent notification server -> client textDocument/publishDiagnostics

22:28:41.980 instance_id=19D30CA036A [debug] sent notification server -> client textDocument/publishDiagnostics

22:28:41.980 instance_id=19D30CA036A [debug] sent notification server -> client textDocument/publishDiagnostics

22:28:41.980 instance_id=19D30CA036A [debug] sent notification server -> client textDocument/publishDiagnostics

22:28:41.980 instance_id=19D30CA036A [debug] sent notification server -> client textDocument/publishDiagnostics

22:28:41.980 instance_id=19D30CA036A [debug] sent notification server -> client textDocument/publishDiagnostics

22:28:41.981 instance_id=19D30CA036A [debug] sent notification server -> client textDocument/publishDiagnostics

22:28:41.981 instance_id=19D30CA036A [debug] sent notification server -> client textDocument/publishDiagnostics

22:28:41.981 instance_id=19D30CA036A [debug] sent notification server -> client textDocument/publishDiagnostics

22:28:41.981 instance_id=19D30CA036A [debug] sent notification server -> client textDocument/publishDiagnostics

22:28:41.981 instance_id=19D30CA036A [debug] sent notification server -> client textDocument/publishDiagnostics

22:28:41.982 instance_id=19D30CA036A [debug] sent notification server -> client textDocument/publishDiagnostics

22:28:41.982 instance_id=19D30CA036A [debug] sent notification server -> client textDocument/publishDiagnostics

22:28:41.982 instance_id=19D30CA036A [debug] sent notification server -> client textDocument/publishDiagnostics

22:28:41.982 instance_id=19D30CA036A [debug] sent notification server -> client textDocument/publishDiagnostics

22:28:41.983 instance_id=19D30CA036A [debug] sent notification server -> client textDocument/publishDiagnostics

22:28:42.118 instance_id=19D30CA036A [debug] handled notification client -> server workspace/didChangeWatchedFiles in 835µs

22:28:42.244 instance_id=19D30CA036A [debug] sent notification server -> client window/logMessage

22:28:42.244 instance_id=19D30CA036A [info] Resolved entity: {:call, Kernel, :defmodule, 2}

22:28:42.406 instance_id=19D30CA036A [debug] handled request client -> server textDocument/codeAction in 168ms

22:28:59.087 instance_id=19D30CA036A [debug] handled notification client -> server textDocument/didChange in 1ms

22:28:59.220 instance_id=19D30CA036A [debug] sent notification server -> client textDocument/publishDiagnostics

22:28:59.220 instance_id=19D30CA036A [debug] Node port message: 
22:28:59.220 [info] Plugins found 0 results in 0.004 ms


22:28:59.220 instance_id=19D30CA036A [debug] sent notification server -> client textDocument/publishDiagnostics

22:28:59.221 instance_id=19D30CA036A [debug] sent notification server -> client textDocument/publishDiagnostics

22:28:59.221 instance_id=19D30CA036A [debug] sent notification server -> client textDocument/publishDiagnostics

22:28:59.221 instance_id=19D30CA036A [debug] sent notification server -> client textDocument/publishDiagnostics

22:28:59.221 instance_id=19D30CA036A [debug] sent notification server -> client textDocument/publishDiagnostics

22:28:59.221 instance_id=19D30CA036A [debug] sent notification server -> client textDocument/publishDiagnostics

22:28:59.221 instance_id=19D30CA036A [debug] sent notification server -> client textDocument/publishDiagnostics

22:28:59.221 instance_id=19D30CA036A [debug] sent notification server -> client textDocument/publishDiagnostics

22:28:59.221 instance_id=19D30CA036A [debug] sent notification server -> client textDocument/publishDiagnostics

22:28:59.222 instance_id=19D30CA036A [debug] sent notification server -> client textDocument/publishDiagnostics

22:28:59.222 instance_id=19D30CA036A [debug] sent notification server -> client textDocument/publishDiagnostics

22:28:59.222 instance_id=19D30CA036A [debug] sent notification server -> client textDocument/publishDiagnostics

22:28:59.222 instance_id=19D30CA036A [debug] sent notification server -> client textDocument/publishDiagnostics

22:28:59.223 instance_id=19D30CA036A [debug] sent notification server -> client textDocument/publishDiagnostics

22:28:59.223 instance_id=19D30CA036A [debug] sent notification server -> client textDocument/publishDiagnostics

22:28:59.223 instance_id=19D30CA036A [debug] sent notification server -> client textDocument/publishDiagnostics

22:28:59.223 instance_id=19D30CA036A [debug] sent notification server -> client textDocument/publishDiagnostics

22:28:59.338 instance_id=19D30CA036A [debug] handled notification client -> server workspace/didChangeWatchedFiles in 809µs

22:28:59.479 instance_id=19D30CA036A [debug] sent notification server -> client window/logMessage

22:28:59.479 instance_id=19D30CA036A [info] Resolved entity: {:call, Kernel, :defmodule, 2}

22:28:59.636 instance_id=19D30CA036A [debug] handled request client -> server textDocument/codeAction in 162ms

22:30:04.932 instance_id=19D30CA036A [debug] handled notification client -> server textDocument/didClose in 111µs

22:30:44.955 instance_id=19D30CA036A [debug] handled notification client -> server textDocument/didClose in 150µs

22:31:28.363 instance_id=19D30CA036A [debug] handled notification client -> server textDocument/didClose in 155µs

22:32:13.625 instance_id=19D30CA036A [debug] sent notification server -> client window/logMessage

22:32:13.625 instance_id=19D30CA036A [info] Opened file:///Users/aoeu/personal/lang-learn-journal/lib/sprachjournal_web/components/journal_components.ex

22:32:13.625 instance_id=19D30CA036A [debug] handled notification client -> server textDocument/didOpen in 860µs

22:32:50.499 instance_id=19D30CA036A [debug] handled notification client -> server textDocument/didChange in 1ms

22:32:50.632 instance_id=19D30CA036A [debug] sent notification server -> client textDocument/publishDiagnostics

22:32:50.632 instance_id=19D30CA036A [debug] Node port message: 
22:32:50.632 [info] Plugins found 0 results in 0.004 ms


22:32:50.632 instance_id=19D30CA036A [debug] sent notification server -> client textDocument/publishDiagnostics

22:32:50.633 instance_id=19D30CA036A [debug] sent notification server -> client textDocument/publishDiagnostics

22:32:50.633 instance_id=19D30CA036A [debug] sent notification server -> client textDocument/publishDiagnostics

22:32:50.633 instance_id=19D30CA036A [debug] sent notification server -> client textDocument/publishDiagnostics

22:32:50.633 instance_id=19D30CA036A [debug] sent notification server -> client textDocument/publishDiagnostics

22:32:50.633 instance_id=19D30CA036A [debug] sent notification server -> client textDocument/publishDiagnostics

22:32:50.633 instance_id=19D30CA036A [debug] sent notification server -> client textDocument/publishDiagnostics

22:32:50.633 instance_id=19D30CA036A [debug] sent notification server -> client textDocument/publishDiagnostics

22:32:50.633 instance_id=19D30CA036A [debug] sent notification server -> client textDocument/publishDiagnostics

22:32:50.634 instance_id=19D30CA036A [debug] sent notification server -> client textDocument/publishDiagnostics

22:32:50.634 instance_id=19D30CA036A [debug] sent notification server -> client textDocument/publishDiagnostics

22:32:50.634 instance_id=19D30CA036A [debug] sent notification server -> client textDocument/publishDiagnostics

22:32:50.634 instance_id=19D30CA036A [debug] sent notification server -> client textDocument/publishDiagnostics

22:32:50.635 instance_id=19D30CA036A [debug] sent notification server -> client textDocument/publishDiagnostics

22:32:50.635 instance_id=19D30CA036A [debug] sent notification server -> client textDocument/publishDiagnostics

22:32:50.635 instance_id=19D30CA036A [debug] sent notification server -> client textDocument/publishDiagnostics

22:32:50.636 instance_id=19D30CA036A [debug] sent notification server -> client textDocument/publishDiagnostics

22:32:50.745 instance_id=19D30CA036A [debug] handled notification client -> server workspace/didChangeWatchedFiles in 813µs

22:32:50.892 instance_id=19D30CA036A [debug] sent notification server -> client window/logMessage

22:32:50.892 instance_id=19D30CA036A [info] Resolved entity: {:call, Kernel, :defmodule, 2}

22:32:51.042 instance_id=19D30CA036A [debug] handled request client -> server textDocument/codeAction in 155ms

22:32:51.971 instance_id=19D30CA036A [debug] handled notification client -> server workspace/didChangeWatchedFiles in 2ms

22:32:56.107 instance_id=19D30CA036A [debug] handled notification client -> server textDocument/didChange in 1ms

22:32:56.243 instance_id=19D30CA036A [debug] sent notification server -> client textDocument/publishDiagnostics

22:32:56.243 instance_id=19D30CA036A [debug] sent notification server -> client textDocument/publishDiagnostics

22:32:56.243 instance_id=19D30CA036A [debug] Node port message: 
22:32:56.242 [info] Plugins found 0 results in 0.004 ms


22:32:56.243 instance_id=19D30CA036A [debug] sent notification server -> client textDocument/publishDiagnostics

22:32:56.243 instance_id=19D30CA036A [debug] sent notification server -> client textDocument/publishDiagnostics

22:32:56.243 instance_id=19D30CA036A [debug] sent notification server -> client textDocument/publishDiagnostics

22:32:56.243 instance_id=19D30CA036A [debug] sent notification server -> client textDocument/publishDiagnostics

22:32:56.244 instance_id=19D30CA036A [debug] sent notification server -> client textDocument/publishDiagnostics

22:32:56.244 instance_id=19D30CA036A [debug] sent notification server -> client textDocument/publishDiagnostics

22:32:56.244 instance_id=19D30CA036A [debug] sent notification server -> client textDocument/publishDiagnostics

22:32:56.244 instance_id=19D30CA036A [debug] sent notification server -> client textDocument/publishDiagnostics

22:32:56.244 instance_id=19D30CA036A [debug] sent notification server -> client textDocument/publishDiagnostics

22:32:56.244 instance_id=19D30CA036A [debug] sent notification server -> client textDocument/publishDiagnostics

22:32:56.245 instance_id=19D30CA036A [debug] sent notification server -> client textDocument/publishDiagnostics

22:32:56.245 instance_id=19D30CA036A [debug] sent notification server -> client textDocument/publishDiagnostics

22:32:56.245 instance_id=19D30CA036A [debug] sent notification server -> client textDocument/publishDiagnostics

22:32:56.245 instance_id=19D30CA036A [debug] sent notification server -> client textDocument/publishDiagnostics

22:32:56.245 instance_id=19D30CA036A [debug] sent notification server -> client textDocument/publishDiagnostics

22:32:56.246 instance_id=19D30CA036A [debug] sent notification server -> client textDocument/publishDiagnostics

22:32:56.352 instance_id=19D30CA036A [debug] handled notification client -> server workspace/didChangeWatchedFiles in 717µs

22:32:56.502 instance_id=19D30CA036A [debug] sent notification server -> client window/logMessage

22:32:56.502 instance_id=19D30CA036A [info] Resolved entity: {:call, Kernel, :defmodule, 2}

22:32:56.638 instance_id=19D30CA036A [debug] handled request client -> server textDocument/codeAction in 142ms

22:33:25.967 instance_id=19D30CA036A [debug] sent notification server -> client window/logMessage

22:33:25.967 instance_id=19D30CA036A [info] Opened file:///Users/aoeu/personal/lang-learn-journal/lib/sprachjournal/ai/proofreader.ex

22:33:25.967 instance_id=19D30CA036A [debug] handled notification client -> server textDocument/didOpen in 629µs

22:33:26.064 instance_id=19D30CA036A [debug] handled notification client -> server textDocument/didChange in 769µs

22:33:26.177 instance_id=19D30CA036A [debug] Node port message: 
22:33:26.177 [info] Plugins found 0 results in 0.006 ms


22:33:26.177 instance_id=19D30CA036A [debug] sent notification server -> client textDocument/publishDiagnostics

22:33:26.177 instance_id=19D30CA036A [debug] sent notification server -> client textDocument/publishDiagnostics

22:33:26.177 instance_id=19D30CA036A [debug] sent notification server -> client textDocument/publishDiagnostics

22:33:26.178 instance_id=19D30CA036A [debug] sent notification server -> client textDocument/publishDiagnostics

22:33:26.178 instance_id=19D30CA036A [debug] sent notification server -> client textDocument/publishDiagnostics

22:33:26.178 instance_id=19D30CA036A [debug] sent notification server -> client textDocument/publishDiagnostics

22:33:26.178 instance_id=19D30CA036A [debug] sent notification server -> client textDocument/publishDiagnostics

22:33:26.178 instance_id=19D30CA036A [debug] sent notification server -> client textDocument/publishDiagnostics

22:33:26.178 instance_id=19D30CA036A [debug] sent notification server -> client textDocument/publishDiagnostics

22:33:26.178 instance_id=19D30CA036A [debug] sent notification server -> client textDocument/publishDiagnostics

22:33:26.178 instance_id=19D30CA036A [debug] sent notification server -> client textDocument/publishDiagnostics

22:33:26.179 instance_id=19D30CA036A [debug] sent notification server -> client textDocument/publishDiagnostics

22:33:26.179 instance_id=19D30CA036A [debug] sent notification server -> client textDocument/publishDiagnostics

22:33:26.179 instance_id=19D30CA036A [debug] sent notification server -> client textDocument/publishDiagnostics

22:33:26.179 instance_id=19D30CA036A [debug] sent notification server -> client textDocument/publishDiagnostics

22:33:26.180 instance_id=19D30CA036A [debug] sent notification server -> client textDocument/publishDiagnostics

22:33:26.180 instance_id=19D30CA036A [debug] sent notification server -> client textDocument/publishDiagnostics

22:33:26.180 instance_id=19D30CA036A [debug] sent notification server -> client textDocument/publishDiagnostics

22:33:26.317 instance_id=19D30CA036A [debug] handled notification client -> server workspace/didChangeWatchedFiles in 632µs

22:33:26.437 instance_id=19D30CA036A [debug] sent notification server -> client window/logMessage

22:33:26.436 instance_id=19D30CA036A [info] Resolved entity: {:call, Kernel, :defmodule, 2}

22:33:26.590 instance_id=19D30CA036A [debug] handled request client -> server textDocument/codeAction in 159ms

22:33:33.445 instance_id=19D30CA036A [debug] handled notification client -> server workspace/didChangeWatchedFiles in 2ms

22:33:33.965 instance_id=19D30CA036A [debug] handled notification client -> server textDocument/didChange in 1ms

22:33:34.097 instance_id=19D30CA036A [debug] sent notification server -> client textDocument/publishDiagnostics

22:33:34.097 instance_id=19D30CA036A [debug] sent notification server -> client textDocument/publishDiagnostics

22:33:34.097 instance_id=19D30CA036A [debug] Node port message: 
22:33:34.097 [info] Plugins found 0 results in 0.004 ms


22:33:34.097 instance_id=19D30CA036A [debug] sent notification server -> client textDocument/publishDiagnostics

22:33:34.097 instance_id=19D30CA036A [debug] sent notification server -> client textDocument/publishDiagnostics

22:33:34.097 instance_id=19D30CA036A [debug] sent notification server -> client textDocument/publishDiagnostics

22:33:34.098 instance_id=19D30CA036A [debug] sent notification server -> client textDocument/publishDiagnostics

22:33:34.098 instance_id=19D30CA036A [debug] sent notification server -> client textDocument/publishDiagnostics

22:33:34.098 instance_id=19D30CA036A [debug] sent notification server -> client textDocument/publishDiagnostics

22:33:34.098 instance_id=19D30CA036A [debug] sent notification server -> client textDocument/publishDiagnostics

22:33:34.098 instance_id=19D30CA036A [debug] sent notification server -> client textDocument/publishDiagnostics

22:33:34.098 instance_id=19D30CA036A [debug] sent notification server -> client textDocument/publishDiagnostics

22:33:34.098 instance_id=19D30CA036A [debug] sent notification server -> client textDocument/publishDiagnostics

22:33:34.099 instance_id=19D30CA036A [debug] sent notification server -> client textDocument/publishDiagnostics

22:33:34.099 instance_id=19D30CA036A [debug] sent notification server -> client textDocument/publishDiagnostics

22:33:34.099 instance_id=19D30CA036A [debug] sent notification server -> client textDocument/publishDiagnostics

22:33:34.100 instance_id=19D30CA036A [debug] sent notification server -> client textDocument/publishDiagnostics

22:33:34.100 instance_id=19D30CA036A [debug] sent notification server -> client textDocument/publishDiagnostics

22:33:34.100 instance_id=19D30CA036A [debug] sent notification server -> client textDocument/publishDiagnostics

22:33:34.216 instance_id=19D30CA036A [debug] handled notification client -> server workspace/didChangeWatchedFiles in 588µs

22:33:34.356 instance_id=19D30CA036A [debug] sent notification server -> client window/logMessage

22:33:34.356 instance_id=19D30CA036A [info] Resolved entity: {:call, Kernel, :defmodule, 2}

22:33:34.502 instance_id=19D30CA036A [debug] handled request client -> server textDocument/codeAction in 152ms

22:35:13.630 instance_id=19D30CA036A [debug] handled notification client -> server textDocument/didClose in 445µs

22:36:25.968 instance_id=19D30CA036A [debug] handled notification client -> server textDocument/didClose in 214µs

22:37:03.657 instance_id=19D30CA036A [debug] sent notification server -> client window/logMessage

22:37:03.657 instance_id=19D30CA036A [info] Opened file:///Users/aoeu/personal/lang-learn-journal/lib/sprachjournal_web/components/journal_components.ex

22:37:03.657 instance_id=19D30CA036A [debug] handled notification client -> server textDocument/didOpen in 658µs

22:37:21.157 instance_id=19D30CA036A [debug] handled notification client -> server textDocument/didChange in 871µs

22:37:21.266 instance_id=19D30CA036A [debug] Node port message: 
22:37:21.266 [info] Plugins found 0 results in 0.003 ms


22:37:21.266 instance_id=19D30CA036A [debug] sent notification server -> client textDocument/publishDiagnostics

22:37:21.266 instance_id=19D30CA036A [debug] sent notification server -> client textDocument/publishDiagnostics

22:37:21.266 instance_id=19D30CA036A [debug] sent notification server -> client textDocument/publishDiagnostics

22:37:21.267 instance_id=19D30CA036A [debug] sent notification server -> client textDocument/publishDiagnostics

22:37:21.267 instance_id=19D30CA036A [debug] sent notification server -> client textDocument/publishDiagnostics

22:37:21.267 instance_id=19D30CA036A [debug] sent notification server -> client textDocument/publishDiagnostics

22:37:21.267 instance_id=19D30CA036A [debug] sent notification server -> client textDocument/publishDiagnostics

22:37:21.267 instance_id=19D30CA036A [debug] sent notification server -> client textDocument/publishDiagnostics

22:37:21.267 instance_id=19D30CA036A [debug] sent notification server -> client textDocument/publishDiagnostics

22:37:21.267 instance_id=19D30CA036A [debug] sent notification server -> client textDocument/publishDiagnostics

22:37:21.268 instance_id=19D30CA036A [debug] sent notification server -> client textDocument/publishDiagnostics

22:37:21.268 instance_id=19D30CA036A [debug] sent notification server -> client textDocument/publishDiagnostics

22:37:21.268 instance_id=19D30CA036A [debug] sent notification server -> client textDocument/publishDiagnostics

22:37:21.268 instance_id=19D30CA036A [debug] sent notification server -> client textDocument/publishDiagnostics

22:37:21.269 instance_id=19D30CA036A [debug] sent notification server -> client textDocument/publishDiagnostics

22:37:21.269 instance_id=19D30CA036A [debug] sent notification server -> client textDocument/publishDiagnostics

22:37:21.269 instance_id=19D30CA036A [debug] sent notification server -> client textDocument/publishDiagnostics

22:37:21.269 instance_id=19D30CA036A [debug] sent notification server -> client textDocument/publishDiagnostics

22:37:21.409 instance_id=19D30CA036A [debug] handled notification client -> server workspace/didChangeWatchedFiles in 884µs

22:37:21.528 instance_id=19D30CA036A [debug] sent notification server -> client window/logMessage

22:37:21.528 instance_id=19D30CA036A [info] Resolved entity: {:call, Kernel, :defmodule, 2}

22:37:21.672 instance_id=19D30CA036A [debug] handled request client -> server textDocument/codeAction in 150ms

22:37:45.002 instance_id=19D30CA036A [debug] handled notification client -> server textDocument/didChange in 1ms

22:37:45.104 instance_id=19D30CA036A [debug] Node port message: 
22:37:45.104 [info] Plugins found 0 results in 0.004 ms


22:37:45.104 instance_id=19D30CA036A [debug] sent notification server -> client textDocument/publishDiagnostics

22:37:45.104 instance_id=19D30CA036A [debug] sent notification server -> client textDocument/publishDiagnostics

22:37:45.104 instance_id=19D30CA036A [debug] sent notification server -> client textDocument/publishDiagnostics

22:37:45.105 instance_id=19D30CA036A [debug] sent notification server -> client textDocument/publishDiagnostics

22:37:45.105 instance_id=19D30CA036A [debug] sent notification server -> client textDocument/publishDiagnostics

22:37:45.105 instance_id=19D30CA036A [debug] sent notification server -> client textDocument/publishDiagnostics

22:37:45.105 instance_id=19D30CA036A [debug] sent notification server -> client textDocument/publishDiagnostics

22:37:45.105 instance_id=19D30CA036A [debug] sent notification server -> client textDocument/publishDiagnostics

22:37:45.105 instance_id=19D30CA036A [debug] sent notification server -> client textDocument/publishDiagnostics

22:37:45.105 instance_id=19D30CA036A [debug] sent notification server -> client textDocument/publishDiagnostics

22:37:45.105 instance_id=19D30CA036A [debug] sent notification server -> client textDocument/publishDiagnostics

22:37:45.106 instance_id=19D30CA036A [debug] sent notification server -> client textDocument/publishDiagnostics

22:37:45.106 instance_id=19D30CA036A [debug] sent notification server -> client textDocument/publishDiagnostics

22:37:45.106 instance_id=19D30CA036A [debug] sent notification server -> client textDocument/publishDiagnostics

22:37:45.106 instance_id=19D30CA036A [debug] sent notification server -> client textDocument/publishDiagnostics

22:37:45.107 instance_id=19D30CA036A [debug] sent notification server -> client textDocument/publishDiagnostics

22:37:45.107 instance_id=19D30CA036A [debug] sent notification server -> client textDocument/publishDiagnostics

22:37:45.107 instance_id=19D30CA036A [debug] sent notification server -> client textDocument/publishDiagnostics

22:37:45.253 instance_id=19D30CA036A [debug] handled notification client -> server workspace/didChangeWatchedFiles in 808µs

22:37:45.364 instance_id=19D30CA036A [debug] sent notification server -> client window/logMessage

22:37:45.364 instance_id=19D30CA036A [info] Resolved entity: {:call, Kernel, :defmodule, 2}

22:37:45.509 instance_id=19D30CA036A [debug] handled request client -> server textDocument/codeAction in 151ms

22:37:46.016 instance_id=19D30CA036A [debug] handled notification client -> server workspace/didChangeWatchedFiles in 2ms

22:37:51.392 instance_id=19D30CA036A [debug] handled notification client -> server textDocument/didChange in 1ms

22:37:51.489 instance_id=19D30CA036A [debug] sent notification server -> client textDocument/publishDiagnostics

22:37:51.489 instance_id=19D30CA036A [debug] Node port message: 
22:37:51.489 [info] Plugins found 0 results in 0.004 ms


22:37:51.489 instance_id=19D30CA036A [debug] sent notification server -> client textDocument/publishDiagnostics

22:37:51.489 instance_id=19D30CA036A [debug] sent notification server -> client textDocument/publishDiagnostics

22:37:51.490 instance_id=19D30CA036A [debug] sent notification server -> client textDocument/publishDiagnostics

22:37:51.490 instance_id=19D30CA036A [debug] sent notification server -> client textDocument/publishDiagnostics

22:37:51.490 instance_id=19D30CA036A [debug] sent notification server -> client textDocument/publishDiagnostics

22:37:51.490 instance_id=19D30CA036A [debug] sent notification server -> client textDocument/publishDiagnostics

22:37:51.490 instance_id=19D30CA036A [debug] sent notification server -> client textDocument/publishDiagnostics

22:37:51.490 instance_id=19D30CA036A [debug] sent notification server -> client textDocument/publishDiagnostics

22:37:51.490 instance_id=19D30CA036A [debug] sent notification server -> client textDocument/publishDiagnostics

22:37:51.490 instance_id=19D30CA036A [debug] sent notification server -> client textDocument/publishDiagnostics

22:37:51.491 instance_id=19D30CA036A [debug] sent notification server -> client textDocument/publishDiagnostics

22:37:51.491 instance_id=19D30CA036A [debug] sent notification server -> client textDocument/publishDiagnostics

22:37:51.491 instance_id=19D30CA036A [debug] sent notification server -> client textDocument/publishDiagnostics

22:37:51.491 instance_id=19D30CA036A [debug] sent notification server -> client textDocument/publishDiagnostics

22:37:51.492 instance_id=19D30CA036A [debug] sent notification server -> client textDocument/publishDiagnostics

22:37:51.492 instance_id=19D30CA036A [debug] sent notification server -> client textDocument/publishDiagnostics

22:37:51.492 instance_id=19D30CA036A [debug] sent notification server -> client textDocument/publishDiagnostics

22:37:51.639 instance_id=19D30CA036A [debug] handled notification client -> server workspace/didChangeWatchedFiles in 696µs

22:37:51.747 instance_id=19D30CA036A [debug] sent notification server -> client window/logMessage

22:37:51.747 instance_id=19D30CA036A [info] Resolved entity: {:call, Kernel, :defmodule, 2}

22:37:51.884 instance_id=19D30CA036A [debug] handled request client -> server textDocument/codeAction in 141ms

22:38:36.879 instance_id=19D30CA036A [debug] handled notification client -> server workspace/didChangeWatchedFiles in 2ms

22:40:03.666 instance_id=19D30CA036A [debug] handled notification client -> server textDocument/didClose in 460µs

22:45:40.349 instance_id=19D30CA036A [debug] sent notification server -> client window/logMessage

22:45:40.349 instance_id=19D30CA036A [info] Opened file:///Users/aoeu/personal/lang-learn-journal/lib/sprachjournal_web/components/layouts.ex

22:45:40.349 instance_id=19D30CA036A [debug] handled notification client -> server textDocument/didOpen in 817µs

22:45:49.237 instance_id=19D30CA036A [debug] handled notification client -> server textDocument/didChange in 1ms

22:45:49.291 instance_id=19D30CA036A [debug] Node port message: 
22:45:49.291 [info] Plugins found 0 results in 0.006 ms


22:45:49.291 instance_id=19D30CA036A [debug] sent notification server -> client textDocument/publishDiagnostics

22:45:49.291 instance_id=19D30CA036A [debug] sent notification server -> client textDocument/publishDiagnostics

22:45:49.292 instance_id=19D30CA036A [debug] sent notification server -> client textDocument/publishDiagnostics

22:45:49.292 instance_id=19D30CA036A [debug] sent notification server -> client textDocument/publishDiagnostics

22:45:49.292 instance_id=19D30CA036A [debug] sent notification server -> client textDocument/publishDiagnostics

22:45:49.292 instance_id=19D30CA036A [debug] sent notification server -> client textDocument/publishDiagnostics

22:45:49.292 instance_id=19D30CA036A [debug] sent notification server -> client textDocument/publishDiagnostics

22:45:49.293 instance_id=19D30CA036A [debug] sent notification server -> client textDocument/publishDiagnostics

22:45:49.293 instance_id=19D30CA036A [debug] sent notification server -> client textDocument/publishDiagnostics

22:45:49.293 instance_id=19D30CA036A [debug] sent notification server -> client textDocument/publishDiagnostics

22:45:49.293 instance_id=19D30CA036A [debug] sent notification server -> client textDocument/publishDiagnostics

22:45:49.293 instance_id=19D30CA036A [debug] sent notification server -> client textDocument/publishDiagnostics

22:45:49.293 instance_id=19D30CA036A [debug] sent notification server -> client textDocument/publishDiagnostics

22:45:49.294 instance_id=19D30CA036A [debug] sent notification server -> client textDocument/publishDiagnostics

22:45:49.294 instance_id=19D30CA036A [debug] sent notification server -> client textDocument/publishDiagnostics

22:45:49.295 instance_id=19D30CA036A [debug] sent notification server -> client textDocument/publishDiagnostics

22:45:49.295 instance_id=19D30CA036A [debug] sent notification server -> client textDocument/publishDiagnostics

22:45:49.295 instance_id=19D30CA036A [debug] sent notification server -> client textDocument/publishDiagnostics

22:45:49.485 instance_id=19D30CA036A [debug] handled notification client -> server workspace/didChangeWatchedFiles in 624µs

22:45:49.550 instance_id=19D30CA036A [debug] sent notification server -> client window/logMessage

22:45:49.550 instance_id=19D30CA036A [info] Resolved entity: {:call, Kernel, :defmodule, 2}

22:45:49.701 instance_id=19D30CA036A [debug] handled request client -> server textDocument/codeAction in 156ms

22:46:01.831 instance_id=19D30CA036A [debug] sent notification server -> client window/logMessage

22:46:01.831 instance_id=19D30CA036A [info] Opened file:///Users/aoeu/personal/lang-learn-journal/lib/sprachjournal_web/live/settings_live.ex

22:46:01.831 instance_id=19D30CA036A [debug] handled notification client -> server textDocument/didOpen in 994µs

22:46:32.849 instance_id=19D30CA036A [debug] handled notification client -> server textDocument/didChange in 1ms

22:46:32.903 instance_id=19D30CA036A [debug] sent notification server -> client textDocument/publishDiagnostics

22:46:32.903 instance_id=19D30CA036A [debug] Node port message: 
22:46:32.903 [info] Plugins found 0 results in 0.005 ms


22:46:32.903 instance_id=19D30CA036A [debug] sent notification server -> client textDocument/publishDiagnostics

22:46:32.904 instance_id=19D30CA036A [debug] sent notification server -> client textDocument/publishDiagnostics

22:46:32.904 instance_id=19D30CA036A [debug] sent notification server -> client textDocument/publishDiagnostics

22:46:32.904 instance_id=19D30CA036A [debug] sent notification server -> client textDocument/publishDiagnostics

22:46:32.904 instance_id=19D30CA036A [debug] sent notification server -> client textDocument/publishDiagnostics

22:46:32.904 instance_id=19D30CA036A [debug] sent notification server -> client textDocument/publishDiagnostics

22:46:32.904 instance_id=19D30CA036A [debug] sent notification server -> client textDocument/publishDiagnostics

22:46:32.904 instance_id=19D30CA036A [debug] sent notification server -> client textDocument/publishDiagnostics

22:46:32.904 instance_id=19D30CA036A [debug] sent notification server -> client textDocument/publishDiagnostics

22:46:32.905 instance_id=19D30CA036A [debug] sent notification server -> client textDocument/publishDiagnostics

22:46:32.905 instance_id=19D30CA036A [debug] sent notification server -> client textDocument/publishDiagnostics

22:46:32.905 instance_id=19D30CA036A [debug] sent notification server -> client textDocument/publishDiagnostics

22:46:32.906 instance_id=19D30CA036A [debug] sent notification server -> client textDocument/publishDiagnostics

22:46:32.906 instance_id=19D30CA036A [debug] sent notification server -> client textDocument/publishDiagnostics

22:46:32.906 instance_id=19D30CA036A [debug] sent notification server -> client textDocument/publishDiagnostics

22:46:32.906 instance_id=19D30CA036A [debug] sent notification server -> client textDocument/publishDiagnostics

22:46:32.907 instance_id=19D30CA036A [debug] sent notification server -> client textDocument/publishDiagnostics

22:46:33.101 instance_id=19D30CA036A [debug] handled notification client -> server workspace/didChangeWatchedFiles in 766µs

22:46:33.167 instance_id=19D30CA036A [debug] sent notification server -> client window/logMessage

22:46:33.167 instance_id=19D30CA036A [info] Resolved entity: {:call, Kernel, :defmodule, 2}

22:46:33.316 instance_id=19D30CA036A [debug] handled request client -> server textDocument/codeAction in 155ms

22:46:51.973 instance_id=19D30CA036A [debug] handled notification client -> server textDocument/didChange in 1ms

22:46:52.029 instance_id=19D30CA036A [debug] sent notification server -> client textDocument/publishDiagnostics

22:46:52.029 instance_id=19D30CA036A [debug] Node port message: 
22:46:52.028 [info] Plugins found 0 results in 0.007 ms


22:46:52.029 instance_id=19D30CA036A [debug] sent notification server -> client textDocument/publishDiagnostics

22:46:52.029 instance_id=19D30CA036A [debug] sent notification server -> client textDocument/publishDiagnostics

22:46:52.030 instance_id=19D30CA036A [debug] sent notification server -> client textDocument/publishDiagnostics

22:46:52.030 instance_id=19D30CA036A [debug] sent notification server -> client textDocument/publishDiagnostics

22:46:52.030 instance_id=19D30CA036A [debug] sent notification server -> client textDocument/publishDiagnostics

22:46:52.030 instance_id=19D30CA036A [debug] sent notification server -> client textDocument/publishDiagnostics

22:46:52.030 instance_id=19D30CA036A [debug] sent notification server -> client textDocument/publishDiagnostics

22:46:52.030 instance_id=19D30CA036A [debug] sent notification server -> client textDocument/publishDiagnostics

22:46:52.030 instance_id=19D30CA036A [debug] sent notification server -> client textDocument/publishDiagnostics

22:46:52.030 instance_id=19D30CA036A [debug] sent notification server -> client textDocument/publishDiagnostics

22:46:52.031 instance_id=19D30CA036A [debug] sent notification server -> client textDocument/publishDiagnostics

22:46:52.031 instance_id=19D30CA036A [debug] sent notification server -> client textDocument/publishDiagnostics

22:46:52.032 instance_id=19D30CA036A [debug] sent notification server -> client textDocument/publishDiagnostics

22:46:52.032 instance_id=19D30CA036A [debug] sent notification server -> client textDocument/publishDiagnostics

22:46:52.032 instance_id=19D30CA036A [debug] sent notification server -> client textDocument/publishDiagnostics

22:46:52.032 instance_id=19D30CA036A [debug] sent notification server -> client textDocument/publishDiagnostics

22:46:52.032 instance_id=19D30CA036A [debug] sent notification server -> client textDocument/publishDiagnostics

22:46:52.223 instance_id=19D30CA036A [debug] handled notification client -> server workspace/didChangeWatchedFiles in 968µs

22:46:52.291 instance_id=19D30CA036A [debug] sent notification server -> client window/logMessage

22:46:52.291 instance_id=19D30CA036A [info] Resolved entity: {:call, Kernel, :defmodule, 2}

22:46:52.435 instance_id=19D30CA036A [debug] handled request client -> server textDocument/codeAction in 150ms

22:48:40.351 instance_id=19D30CA036A [debug] handled notification client -> server textDocument/didClose in 223µs

22:49:01.832 instance_id=19D30CA036A [debug] handled notification client -> server textDocument/didClose in 385µs

22:50:29.411 instance_id=19D30CA036A [debug] sent notification server -> client window/logMessage

22:50:29.411 instance_id=19D30CA036A [info] Opened file:///Users/aoeu/personal/lang-learn-journal/lib/sprachjournal_web/components/layouts.ex

22:50:29.411 instance_id=19D30CA036A [debug] handled notification client -> server textDocument/didOpen in 962µs

22:53:29.415 instance_id=19D30CA036A [debug] handled notification client -> server textDocument/didClose in 280µs

22:53:29.472 instance_id=19D30CA036A [debug] sent notification server -> client window/logMessage

22:53:29.472 instance_id=19D30CA036A [info] Opened file:///Users/aoeu/personal/lang-learn-journal/lib/sprachjournal_web.ex

22:53:29.473 instance_id=19D30CA036A [debug] handled notification client -> server textDocument/didOpen in 727µs

22:53:45.171 instance_id=19D30CA036A [debug] handled notification client -> server textDocument/didChange in 1ms

22:53:45.244 instance_id=19D30CA036A [debug] sent notification server -> client textDocument/publishDiagnostics

22:53:45.244 instance_id=19D30CA036A [debug] Node port message: 
22:53:45.244 [info] Plugins found 0 results in 0.005 ms


22:53:45.244 instance_id=19D30CA036A [debug] sent notification server -> client textDocument/publishDiagnostics

22:53:45.244 instance_id=19D30CA036A [debug] sent notification server -> client textDocument/publishDiagnostics

22:53:45.245 instance_id=19D30CA036A [debug] sent notification server -> client textDocument/publishDiagnostics

22:53:45.245 instance_id=19D30CA036A [debug] sent notification server -> client textDocument/publishDiagnostics

22:53:45.245 instance_id=19D30CA036A [debug] sent notification server -> client textDocument/publishDiagnostics

22:53:45.245 instance_id=19D30CA036A [debug] sent notification server -> client textDocument/publishDiagnostics

22:53:45.245 instance_id=19D30CA036A [debug] sent notification server -> client textDocument/publishDiagnostics

22:53:45.245 instance_id=19D30CA036A [debug] sent notification server -> client textDocument/publishDiagnostics

22:53:45.245 instance_id=19D30CA036A [debug] sent notification server -> client textDocument/publishDiagnostics

22:53:45.246 instance_id=19D30CA036A [debug] sent notification server -> client textDocument/publishDiagnostics

22:53:45.246 instance_id=19D30CA036A [debug] sent notification server -> client textDocument/publishDiagnostics

22:53:45.246 instance_id=19D30CA036A [debug] sent notification server -> client textDocument/publishDiagnostics

22:53:45.247 instance_id=19D30CA036A [debug] sent notification server -> client textDocument/publishDiagnostics

22:53:45.247 instance_id=19D30CA036A [debug] sent notification server -> client textDocument/publishDiagnostics

22:53:45.247 instance_id=19D30CA036A [debug] sent notification server -> client textDocument/publishDiagnostics

22:53:45.247 instance_id=19D30CA036A [debug] sent notification server -> client textDocument/publishDiagnostics

22:53:45.248 instance_id=19D30CA036A [debug] sent notification server -> client textDocument/publishDiagnostics

22:53:45.419 instance_id=19D30CA036A [debug] handled notification client -> server workspace/didChangeWatchedFiles in 937µs

22:53:45.509 instance_id=19D30CA036A [debug] sent notification server -> client window/logMessage

22:53:45.509 instance_id=19D30CA036A [info] Resolved entity: {:call, Kernel, :defmodule, 2}

22:53:45.664 instance_id=19D30CA036A [debug] handled request client -> server textDocument/codeAction in 160ms

22:56:15.102 instance_id=19D30CA036A [debug] handled notification client -> server textDocument/didChange in 1ms

22:56:15.170 instance_id=19D30CA036A [debug] sent notification server -> client textDocument/publishDiagnostics

22:56:15.170 instance_id=19D30CA036A [debug] Node port message: 
22:56:15.170 [info] Plugins found 0 results in 0.006 ms


22:56:15.170 instance_id=19D30CA036A [debug] sent notification server -> client textDocument/publishDiagnostics

22:56:15.171 instance_id=19D30CA036A [debug] sent notification server -> client textDocument/publishDiagnostics

22:56:15.171 instance_id=19D30CA036A [debug] sent notification server -> client textDocument/publishDiagnostics

22:56:15.171 instance_id=19D30CA036A [debug] sent notification server -> client textDocument/publishDiagnostics

22:56:15.171 instance_id=19D30CA036A [debug] sent notification server -> client textDocument/publishDiagnostics

22:56:15.171 instance_id=19D30CA036A [debug] sent notification server -> client textDocument/publishDiagnostics

22:56:15.171 instance_id=19D30CA036A [debug] sent notification server -> client textDocument/publishDiagnostics

22:56:15.171 instance_id=19D30CA036A [debug] sent notification server -> client textDocument/publishDiagnostics

22:56:15.172 instance_id=19D30CA036A [debug] sent notification server -> client textDocument/publishDiagnostics

22:56:15.172 instance_id=19D30CA036A [debug] sent notification server -> client textDocument/publishDiagnostics

22:56:15.172 instance_id=19D30CA036A [debug] sent notification server -> client textDocument/publishDiagnostics

22:56:15.172 instance_id=19D30CA036A [debug] sent notification server -> client textDocument/publishDiagnostics

22:56:15.173 instance_id=19D30CA036A [debug] sent notification server -> client textDocument/publishDiagnostics

22:56:15.173 instance_id=19D30CA036A [debug] sent notification server -> client textDocument/publishDiagnostics

22:56:15.173 instance_id=19D30CA036A [debug] sent notification server -> client textDocument/publishDiagnostics

22:56:15.173 instance_id=19D30CA036A [debug] sent notification server -> client textDocument/publishDiagnostics

22:56:15.174 instance_id=19D30CA036A [debug] sent notification server -> client textDocument/publishDiagnostics

22:56:15.355 instance_id=19D30CA036A [debug] handled notification client -> server workspace/didChangeWatchedFiles in 1ms

22:56:15.431 instance_id=19D30CA036A [debug] sent notification server -> client window/logMessage

22:56:15.431 instance_id=19D30CA036A [info] Resolved entity: {:call, Kernel, :defmodule, 2}

22:56:15.580 instance_id=19D30CA036A [debug] handled request client -> server textDocument/codeAction in 155ms

22:56:23.618 instance_id=19D30CA036A [debug] sent notification server -> client window/logMessage

22:56:23.618 instance_id=19D30CA036A [info] Opened file:///Users/aoeu/personal/lang-learn-journal/lib/sprachjournal_web/router.ex

22:56:23.618 instance_id=19D30CA036A [debug] handled notification client -> server textDocument/didOpen in 699µs

22:56:29.476 instance_id=19D30CA036A [debug] handled notification client -> server textDocument/didClose in 249µs

22:56:32.417 instance_id=19D30CA036A [debug] handled notification client -> server textDocument/didChange in 985µs

22:56:32.660 instance_id=19D30CA036A [debug] Node port message: 
22:56:32.660 [info] Plugins found 0 results in 0.005 ms


22:56:32.660 instance_id=19D30CA036A [debug] sent notification server -> client textDocument/publishDiagnostics

22:56:32.660 instance_id=19D30CA036A [debug] sent notification server -> client textDocument/publishDiagnostics

22:56:32.660 instance_id=19D30CA036A [debug] sent notification server -> client textDocument/publishDiagnostics

22:56:32.660 instance_id=19D30CA036A [debug] sent notification server -> client textDocument/publishDiagnostics

22:56:32.660 instance_id=19D30CA036A [debug] sent notification server -> client textDocument/publishDiagnostics

22:56:32.661 instance_id=19D30CA036A [debug] sent notification server -> client textDocument/publishDiagnostics

22:56:32.661 instance_id=19D30CA036A [debug] sent notification server -> client textDocument/publishDiagnostics

22:56:32.661 instance_id=19D30CA036A [debug] sent notification server -> client textDocument/publishDiagnostics

22:56:32.661 instance_id=19D30CA036A [debug] sent notification server -> client textDocument/publishDiagnostics

22:56:32.661 instance_id=19D30CA036A [debug] sent notification server -> client textDocument/publishDiagnostics

22:56:32.661 instance_id=19D30CA036A [debug] sent notification server -> client textDocument/publishDiagnostics

22:56:32.662 instance_id=19D30CA036A [debug] sent notification server -> client textDocument/publishDiagnostics

22:56:32.662 instance_id=19D30CA036A [debug] sent notification server -> client textDocument/publishDiagnostics

22:56:32.662 instance_id=19D30CA036A [debug] sent notification server -> client textDocument/publishDiagnostics

22:56:32.662 instance_id=19D30CA036A [debug] sent notification server -> client textDocument/publishDiagnostics

22:56:32.662 instance_id=19D30CA036A [debug] sent notification server -> client textDocument/publishDiagnostics

22:56:32.662 instance_id=19D30CA036A [debug] sent notification server -> client textDocument/publishDiagnostics

22:56:32.663 instance_id=19D30CA036A [debug] sent notification server -> client textDocument/publishDiagnostics

22:56:32.663 instance_id=19D30CA036A [debug] handled notification client -> server workspace/didChangeWatchedFiles in 561µs

22:56:32.922 instance_id=19D30CA036A [debug] sent notification server -> client window/logMessage

22:56:32.921 instance_id=19D30CA036A [info] Resolved entity: {:call, Kernel, :defmodule, 2}

22:56:33.063 instance_id=19D30CA036A [debug] handled request client -> server textDocument/codeAction in 148ms

22:57:55.655 instance_id=19D30CA036A [debug] sent notification server -> client window/logMessage

22:57:55.655 instance_id=19D30CA036A [info] Opened file:///Users/aoeu/personal/lang-learn-journal/lib/sprachjournal_web/components/layouts.ex

22:57:55.655 instance_id=19D30CA036A [debug] handled notification client -> server textDocument/didOpen in 545µs

22:58:10.107 instance_id=19D30CA036A [debug] handled notification client -> server textDocument/didChange in 855µs

22:58:10.160 instance_id=19D30CA036A [debug] sent notification server -> client textDocument/publishDiagnostics

22:58:10.160 instance_id=19D30CA036A [debug] Node port message: 
22:58:10.160 [info] Plugins found 0 results in 0.005 ms


22:58:10.160 instance_id=19D30CA036A [debug] sent notification server -> client textDocument/publishDiagnostics

22:58:10.161 instance_id=19D30CA036A [debug] sent notification server -> client textDocument/publishDiagnostics

22:58:10.161 instance_id=19D30CA036A [debug] sent notification server -> client textDocument/publishDiagnostics

22:58:10.161 instance_id=19D30CA036A [debug] sent notification server -> client textDocument/publishDiagnostics

22:58:10.161 instance_id=19D30CA036A [debug] sent notification server -> client textDocument/publishDiagnostics

22:58:10.161 instance_id=19D30CA036A [debug] sent notification server -> client textDocument/publishDiagnostics

22:58:10.161 instance_id=19D30CA036A [debug] sent notification server -> client textDocument/publishDiagnostics

22:58:10.161 instance_id=19D30CA036A [debug] sent notification server -> client textDocument/publishDiagnostics

22:58:10.161 instance_id=19D30CA036A [debug] sent notification server -> client textDocument/publishDiagnostics

22:58:10.161 instance_id=19D30CA036A [debug] sent notification server -> client textDocument/publishDiagnostics

22:58:10.162 instance_id=19D30CA036A [debug] sent notification server -> client textDocument/publishDiagnostics

22:58:10.162 instance_id=19D30CA036A [debug] sent notification server -> client textDocument/publishDiagnostics

22:58:10.162 instance_id=19D30CA036A [debug] sent notification server -> client textDocument/publishDiagnostics

22:58:10.163 instance_id=19D30CA036A [debug] sent notification server -> client textDocument/publishDiagnostics

22:58:10.163 instance_id=19D30CA036A [debug] sent notification server -> client textDocument/publishDiagnostics

22:58:10.163 instance_id=19D30CA036A [debug] sent notification server -> client textDocument/publishDiagnostics

22:58:10.163 instance_id=19D30CA036A [debug] sent notification server -> client textDocument/publishDiagnostics

22:58:10.354 instance_id=19D30CA036A [debug] handled notification client -> server workspace/didChangeWatchedFiles in 583µs

22:58:23.806 instance_id=19D30CA036A [debug] handled notification client -> server textDocument/didClose in 101µs

22:59:23.626 instance_id=19D30CA036A [debug] handled notification client -> server textDocument/didClose in 377µs

23:00:55.661 instance_id=19D30CA036A [debug] handled notification client -> server textDocument/didClose in 143µs

23:02:00.409 instance_id=19D30CA036A [debug] sent notification server -> client window/logMessage

23:02:00.409 instance_id=19D30CA036A [info] Opened file:///Users/aoeu/personal/lang-learn-journal/lib/sprachjournal_web/components/layouts.ex

23:02:00.409 instance_id=19D30CA036A [debug] handled notification client -> server textDocument/didOpen in 1ms

23:02:00.506 instance_id=19D30CA036A [debug] handled notification client -> server textDocument/didChange in 736µs

23:02:00.559 instance_id=19D30CA036A [debug] sent notification server -> client textDocument/publishDiagnostics

23:02:00.560 instance_id=19D30CA036A [debug] Node port message: 
23:02:00.559 [info] Plugins found 0 results in 0.006 ms


23:02:00.560 instance_id=19D30CA036A [debug] sent notification server -> client textDocument/publishDiagnostics

23:02:00.560 instance_id=19D30CA036A [debug] sent notification server -> client textDocument/publishDiagnostics

23:02:00.560 instance_id=19D30CA036A [debug] sent notification server -> client textDocument/publishDiagnostics

23:02:00.560 instance_id=19D30CA036A [debug] sent notification server -> client textDocument/publishDiagnostics

23:02:00.561 instance_id=19D30CA036A [debug] sent notification server -> client textDocument/publishDiagnostics

23:02:00.561 instance_id=19D30CA036A [debug] sent notification server -> client textDocument/publishDiagnostics

23:02:00.561 instance_id=19D30CA036A [debug] sent notification server -> client textDocument/publishDiagnostics

23:02:00.561 instance_id=19D30CA036A [debug] sent notification server -> client textDocument/publishDiagnostics

23:02:00.561 instance_id=19D30CA036A [debug] sent notification server -> client textDocument/publishDiagnostics

23:02:00.561 instance_id=19D30CA036A [debug] sent notification server -> client textDocument/publishDiagnostics

23:02:00.561 instance_id=19D30CA036A [debug] sent notification server -> client textDocument/publishDiagnostics

23:02:00.561 instance_id=19D30CA036A [debug] sent notification server -> client textDocument/publishDiagnostics

23:02:00.562 instance_id=19D30CA036A [debug] sent notification server -> client textDocument/publishDiagnostics

23:02:00.562 instance_id=19D30CA036A [debug] sent notification server -> client textDocument/publishDiagnostics

23:02:00.562 instance_id=19D30CA036A [debug] sent notification server -> client textDocument/publishDiagnostics

23:02:00.563 instance_id=19D30CA036A [debug] sent notification server -> client textDocument/publishDiagnostics

23:02:00.563 instance_id=19D30CA036A [debug] sent notification server -> client textDocument/publishDiagnostics

23:02:00.752 instance_id=19D30CA036A [debug] handled notification client -> server workspace/didChangeWatchedFiles in 566µs

23:05:00.410 instance_id=19D30CA036A [debug] handled notification client -> server textDocument/didClose in 196µs

23:10:51.182 instance_id=19D30CA036A [debug] sent notification server -> client window/logMessage

23:10:51.182 instance_id=19D30CA036A [info] Opened file:///Users/aoeu/personal/lang-learn-journal/lib/sprachjournal_web/components/layouts.ex

23:10:51.182 instance_id=19D30CA036A [debug] handled notification client -> server textDocument/didOpen in 833µs

23:11:01.372 instance_id=19D30CA036A [debug] handled notification client -> server textDocument/didChange in 905µs

23:11:01.426 instance_id=19D30CA036A [debug] sent notification server -> client textDocument/publishDiagnostics

23:11:01.426 instance_id=19D30CA036A [debug] Node port message: 
23:11:01.425 [info] Plugins found 0 results in 0.006 ms


23:11:01.426 instance_id=19D30CA036A [debug] sent notification server -> client textDocument/publishDiagnostics

23:11:01.426 instance_id=19D30CA036A [debug] sent notification server -> client textDocument/publishDiagnostics

23:11:01.426 instance_id=19D30CA036A [debug] sent notification server -> client textDocument/publishDiagnostics

23:11:01.427 instance_id=19D30CA036A [debug] sent notification server -> client textDocument/publishDiagnostics

23:11:01.427 instance_id=19D30CA036A [debug] sent notification server -> client textDocument/publishDiagnostics

23:11:01.427 instance_id=19D30CA036A [debug] sent notification server -> client textDocument/publishDiagnostics

23:11:01.427 instance_id=19D30CA036A [debug] sent notification server -> client textDocument/publishDiagnostics

23:11:01.427 instance_id=19D30CA036A [debug] sent notification server -> client textDocument/publishDiagnostics

23:11:01.427 instance_id=19D30CA036A [debug] sent notification server -> client textDocument/publishDiagnostics

23:11:01.427 instance_id=19D30CA036A [debug] sent notification server -> client textDocument/publishDiagnostics

23:11:01.428 instance_id=19D30CA036A [debug] sent notification server -> client textDocument/publishDiagnostics

23:11:01.428 instance_id=19D30CA036A [debug] sent notification server -> client textDocument/publishDiagnostics

23:11:01.428 instance_id=19D30CA036A [debug] sent notification server -> client textDocument/publishDiagnostics

23:11:01.429 instance_id=19D30CA036A [debug] sent notification server -> client textDocument/publishDiagnostics

23:11:01.429 instance_id=19D30CA036A [debug] sent notification server -> client textDocument/publishDiagnostics

23:11:01.429 instance_id=19D30CA036A [debug] sent notification server -> client textDocument/publishDiagnostics

23:11:01.429 instance_id=19D30CA036A [debug] sent notification server -> client textDocument/publishDiagnostics

23:11:01.623 instance_id=19D30CA036A [debug] handled notification client -> server workspace/didChangeWatchedFiles in 979µs

23:11:10.524 instance_id=19D30CA036A [debug] sent notification server -> client window/logMessage

23:11:10.524 instance_id=19D30CA036A [info] Opened file:///Users/aoeu/personal/lang-learn-journal/lib/sprachjournal_web/live/entry_live/edit.ex

23:11:10.525 instance_id=19D30CA036A [debug] handled notification client -> server textDocument/didOpen in 684µs

23:11:20.633 instance_id=19D30CA036A [debug] handled notification client -> server textDocument/didChange in 1ms

23:11:20.689 instance_id=19D30CA036A [debug] sent notification server -> client textDocument/publishDiagnostics

23:11:20.689 instance_id=19D30CA036A [debug] Node port message: 
23:11:20.689 [info] Plugins found 0 results in 0.006 ms


23:11:20.689 instance_id=19D30CA036A [debug] sent notification server -> client textDocument/publishDiagnostics

23:11:20.689 instance_id=19D30CA036A [debug] sent notification server -> client textDocument/publishDiagnostics

23:11:20.690 instance_id=19D30CA036A [debug] sent notification server -> client textDocument/publishDiagnostics

23:11:20.690 instance_id=19D30CA036A [debug] sent notification server -> client textDocument/publishDiagnostics

23:11:20.690 instance_id=19D30CA036A [debug] sent notification server -> client textDocument/publishDiagnostics

23:11:20.690 instance_id=19D30CA036A [debug] sent notification server -> client textDocument/publishDiagnostics

23:11:20.690 instance_id=19D30CA036A [debug] sent notification server -> client textDocument/publishDiagnostics

23:11:20.690 instance_id=19D30CA036A [debug] sent notification server -> client textDocument/publishDiagnostics

23:11:20.691 instance_id=19D30CA036A [debug] sent notification server -> client textDocument/publishDiagnostics

23:11:20.691 instance_id=19D30CA036A [debug] sent notification server -> client textDocument/publishDiagnostics

23:11:20.691 instance_id=19D30CA036A [debug] sent notification server -> client textDocument/publishDiagnostics

23:11:20.691 instance_id=19D30CA036A [debug] sent notification server -> client textDocument/publishDiagnostics

23:11:20.692 instance_id=19D30CA036A [debug] sent notification server -> client textDocument/publishDiagnostics

23:11:20.692 instance_id=19D30CA036A [debug] sent notification server -> client textDocument/publishDiagnostics

23:11:20.692 instance_id=19D30CA036A [debug] sent notification server -> client textDocument/publishDiagnostics

23:11:20.693 instance_id=19D30CA036A [debug] sent notification server -> client textDocument/publishDiagnostics

23:11:20.693 instance_id=19D30CA036A [debug] sent notification server -> client textDocument/publishDiagnostics

23:11:20.884 instance_id=19D30CA036A [debug] handled notification client -> server workspace/didChangeWatchedFiles in 842µs

23:13:18.478 instance_id=19D30CA036A [debug] sent notification server -> client window/logMessage

23:13:18.478 instance_id=19D30CA036A [info] Opened file:///Users/aoeu/personal/lang-learn-journal/lib/sprachjournal_web/live/home_live.ex

23:13:18.478 instance_id=19D30CA036A [debug] handled notification client -> server textDocument/didOpen in 599µs

23:13:30.912 instance_id=19D30CA036A [debug] handled notification client -> server textDocument/didChange in 1ms

23:13:30.967 instance_id=19D30CA036A [debug] sent notification server -> client textDocument/publishDiagnostics

23:13:30.967 instance_id=19D30CA036A [debug] Node port message: 
23:13:30.967 [info] Plugins found 0 results in 0.009 ms


23:13:30.967 instance_id=19D30CA036A [debug] sent notification server -> client textDocument/publishDiagnostics

23:13:30.968 instance_id=19D30CA036A [debug] sent notification server -> client textDocument/publishDiagnostics

23:13:30.968 instance_id=19D30CA036A [debug] sent notification server -> client textDocument/publishDiagnostics

23:13:30.968 instance_id=19D30CA036A [debug] sent notification server -> client textDocument/publishDiagnostics

23:13:30.969 instance_id=19D30CA036A [debug] sent notification server -> client textDocument/publishDiagnostics

23:13:30.969 instance_id=19D30CA036A [debug] sent notification server -> client textDocument/publishDiagnostics

23:13:30.969 instance_id=19D30CA036A [debug] sent notification server -> client textDocument/publishDiagnostics

23:13:30.969 instance_id=19D30CA036A [debug] sent notification server -> client textDocument/publishDiagnostics

23:13:30.969 instance_id=19D30CA036A [debug] sent notification server -> client textDocument/publishDiagnostics

23:13:30.969 instance_id=19D30CA036A [debug] sent notification server -> client textDocument/publishDiagnostics

23:13:30.969 instance_id=19D30CA036A [debug] sent notification server -> client textDocument/publishDiagnostics

23:13:30.970 instance_id=19D30CA036A [debug] sent notification server -> client textDocument/publishDiagnostics

23:13:30.970 instance_id=19D30CA036A [debug] sent notification server -> client textDocument/publishDiagnostics

23:13:30.970 instance_id=19D30CA036A [debug] sent notification server -> client textDocument/publishDiagnostics

23:13:30.970 instance_id=19D30CA036A [debug] sent notification server -> client textDocument/publishDiagnostics

23:13:30.970 instance_id=19D30CA036A [debug] sent notification server -> client textDocument/publishDiagnostics

23:13:30.971 instance_id=19D30CA036A [debug] sent notification server -> client textDocument/publishDiagnostics

23:13:31.158 instance_id=19D30CA036A [debug] handled notification client -> server workspace/didChangeWatchedFiles in 638µs

23:13:39.058 instance_id=19D30CA036A [debug] sent notification server -> client window/logMessage

23:13:39.058 instance_id=19D30CA036A [info] Opened file:///Users/aoeu/personal/lang-learn-journal/lib/sprachjournal_web/live/entry_live/new.ex

23:13:39.058 instance_id=19D30CA036A [debug] handled notification client -> server textDocument/didOpen in 1ms

23:13:51.188 instance_id=19D30CA036A [debug] handled notification client -> server textDocument/didClose in 217µs

23:13:55.395 instance_id=19D30CA036A [debug] sent notification server -> client window/logMessage

23:13:55.395 instance_id=19D30CA036A [info] Opened file:///Users/aoeu/personal/lang-learn-journal/lib/sprachjournal_web/components/layouts.ex

23:13:55.395 instance_id=19D30CA036A [debug] handled notification client -> server textDocument/didOpen in 733µs

23:14:03.139 instance_id=19D30CA036A [debug] handled notification client -> server textDocument/didChange in 983µs

23:14:03.194 instance_id=19D30CA036A [debug] sent notification server -> client textDocument/publishDiagnostics

23:14:03.195 instance_id=19D30CA036A [debug] sent notification server -> client textDocument/publishDiagnostics

23:14:03.195 instance_id=19D30CA036A [debug] Node port message: 
23:14:03.194 [info] Plugins found 0 results in 0.008 ms


23:14:03.195 instance_id=19D30CA036A [debug] sent notification server -> client textDocument/publishDiagnostics

23:14:03.196 instance_id=19D30CA036A [debug] sent notification server -> client textDocument/publishDiagnostics

23:14:03.196 instance_id=19D30CA036A [debug] sent notification server -> client textDocument/publishDiagnostics

23:14:03.196 instance_id=19D30CA036A [debug] sent notification server -> client textDocument/publishDiagnostics

23:14:03.197 instance_id=19D30CA036A [debug] sent notification server -> client textDocument/publishDiagnostics

23:14:03.197 instance_id=19D30CA036A [debug] sent notification server -> client textDocument/publishDiagnostics

23:14:03.197 instance_id=19D30CA036A [debug] sent notification server -> client textDocument/publishDiagnostics

23:14:03.197 instance_id=19D30CA036A [debug] sent notification server -> client textDocument/publishDiagnostics

23:14:03.197 instance_id=19D30CA036A [debug] sent notification server -> client textDocument/publishDiagnostics

23:14:03.197 instance_id=19D30CA036A [debug] sent notification server -> client textDocument/publishDiagnostics

23:14:03.197 instance_id=19D30CA036A [debug] sent notification server -> client textDocument/publishDiagnostics

23:14:03.197 instance_id=19D30CA036A [debug] sent notification server -> client textDocument/publishDiagnostics

23:14:03.198 instance_id=19D30CA036A [debug] sent notification server -> client textDocument/publishDiagnostics

23:14:03.198 instance_id=19D30CA036A [debug] sent notification server -> client textDocument/publishDiagnostics

23:14:03.198 instance_id=19D30CA036A [debug] sent notification server -> client textDocument/publishDiagnostics

23:14:03.198 instance_id=19D30CA036A [debug] sent notification server -> client textDocument/publishDiagnostics

23:14:03.388 instance_id=19D30CA036A [debug] handled notification client -> server workspace/didChangeWatchedFiles in 602µs

23:14:10.524 instance_id=19D30CA036A [debug] handled notification client -> server textDocument/didClose in 129µs

23:16:18.491 instance_id=19D30CA036A [debug] handled notification client -> server textDocument/didClose in 210µs

23:16:39.065 instance_id=19D30CA036A [debug] handled notification client -> server textDocument/didClose in 393µs

23:16:55.399 instance_id=19D30CA036A [debug] handled notification client -> server textDocument/didClose in 202µs

23:23:27.994 instance_id=19D30CA036A [debug] sent notification server -> client window/logMessage

23:23:27.994 instance_id=19D30CA036A [info] Opened file:///Users/aoeu/personal/lang-learn-journal/lib/sprachjournal/ai/proofreader.ex

23:23:27.995 instance_id=19D30CA036A [debug] handled notification client -> server textDocument/didOpen in 919µs

23:23:37.913 instance_id=19D30CA036A [debug] handled notification client -> server textDocument/didChange in 1ms

23:23:38.030 instance_id=19D30CA036A [debug] Node port message: 
23:23:38.029 [info] Plugins found 0 results in 0.004 ms


23:23:38.030 instance_id=19D30CA036A [debug] sent notification server -> client textDocument/publishDiagnostics

23:23:38.030 instance_id=19D30CA036A [debug] sent notification server -> client textDocument/publishDiagnostics

23:23:38.030 instance_id=19D30CA036A [debug] sent notification server -> client textDocument/publishDiagnostics

23:23:38.030 instance_id=19D30CA036A [debug] sent notification server -> client textDocument/publishDiagnostics

23:23:38.030 instance_id=19D30CA036A [debug] sent notification server -> client textDocument/publishDiagnostics

23:23:38.031 instance_id=19D30CA036A [debug] sent notification server -> client textDocument/publishDiagnostics

23:23:38.031 instance_id=19D30CA036A [debug] sent notification server -> client textDocument/publishDiagnostics

23:23:38.031 instance_id=19D30CA036A [debug] sent notification server -> client textDocument/publishDiagnostics

23:23:38.031 instance_id=19D30CA036A [debug] sent notification server -> client textDocument/publishDiagnostics

23:23:38.031 instance_id=19D30CA036A [debug] sent notification server -> client textDocument/publishDiagnostics

23:23:38.031 instance_id=19D30CA036A [debug] sent notification server -> client textDocument/publishDiagnostics

23:23:38.031 instance_id=19D30CA036A [debug] sent notification server -> client textDocument/publishDiagnostics

23:23:38.032 instance_id=19D30CA036A [debug] sent notification server -> client textDocument/publishDiagnostics

23:23:38.032 instance_id=19D30CA036A [debug] sent notification server -> client textDocument/publishDiagnostics

23:23:38.032 instance_id=19D30CA036A [debug] sent notification server -> client textDocument/publishDiagnostics

23:23:38.032 instance_id=19D30CA036A [debug] sent notification server -> client textDocument/publishDiagnostics

23:23:38.033 instance_id=19D30CA036A [debug] sent notification server -> client textDocument/publishDiagnostics

23:23:38.033 instance_id=19D30CA036A [debug] sent notification server -> client textDocument/publishDiagnostics

23:23:38.164 instance_id=19D30CA036A [debug] handled notification client -> server workspace/didChangeWatchedFiles in 801µs

23:24:21.029 instance_id=19D30CA036A [debug] sent notification server -> client window/logMessage

23:24:21.029 instance_id=19D30CA036A [info] Opened file:///Users/aoeu/personal/lang-learn-journal/lib/sprachjournal_web/components/journal_components.ex

23:24:21.029 instance_id=19D30CA036A [debug] handled notification client -> server textDocument/didOpen in 772µs

23:24:31.291 instance_id=19D30CA036A [debug] handled notification client -> server textDocument/didChange in 984µs

23:24:31.390 instance_id=19D30CA036A [debug] sent notification server -> client textDocument/publishDiagnostics

23:24:31.390 instance_id=19D30CA036A [debug] sent notification server -> client textDocument/publishDiagnostics

23:24:31.390 instance_id=19D30CA036A [debug] Node port message: 
23:24:31.390 [info] Plugins found 0 results in 0.003 ms


23:24:31.390 instance_id=19D30CA036A [debug] sent notification server -> client textDocument/publishDiagnostics

23:24:31.390 instance_id=19D30CA036A [debug] sent notification server -> client textDocument/publishDiagnostics

23:24:31.391 instance_id=19D30CA036A [debug] sent notification server -> client textDocument/publishDiagnostics

23:24:31.391 instance_id=19D30CA036A [debug] sent notification server -> client textDocument/publishDiagnostics

23:24:31.391 instance_id=19D30CA036A [debug] sent notification server -> client textDocument/publishDiagnostics

23:24:31.391 instance_id=19D30CA036A [debug] sent notification server -> client textDocument/publishDiagnostics

23:24:31.391 instance_id=19D30CA036A [debug] sent notification server -> client textDocument/publishDiagnostics

23:24:31.391 instance_id=19D30CA036A [debug] sent notification server -> client textDocument/publishDiagnostics

23:24:31.391 instance_id=19D30CA036A [debug] sent notification server -> client textDocument/publishDiagnostics

23:24:31.392 instance_id=19D30CA036A [debug] sent notification server -> client textDocument/publishDiagnostics

23:24:31.392 instance_id=19D30CA036A [debug] sent notification server -> client textDocument/publishDiagnostics

23:24:31.392 instance_id=19D30CA036A [debug] sent notification server -> client textDocument/publishDiagnostics

23:24:31.393 instance_id=19D30CA036A [debug] sent notification server -> client textDocument/publishDiagnostics

23:24:31.393 instance_id=19D30CA036A [debug] sent notification server -> client textDocument/publishDiagnostics

23:24:31.393 instance_id=19D30CA036A [debug] sent notification server -> client textDocument/publishDiagnostics

23:24:31.393 instance_id=19D30CA036A [debug] sent notification server -> client textDocument/publishDiagnostics

23:24:31.543 instance_id=19D30CA036A [debug] handled notification client -> server workspace/didChangeWatchedFiles in 799µs

23:24:53.847 instance_id=19D30CA036A [debug] handled notification client -> server textDocument/didClose in 85µs

23:24:53.896 instance_id=19D30CA036A [debug] sent notification server -> client window/logMessage

23:24:53.895 instance_id=19D30CA036A [info] Resolved entity: {:call, Kernel, :defmodule, 2}

23:24:53.933 instance_id=19D30CA036A [debug] handled request client -> server textDocument/documentSymbol in 41ms

23:24:53.977 instance_id=19D30CA036A [debug] handled notification client -> server $/cancelRequest in 116µs

23:24:54.224 instance_id=19D30CA036A [debug] handled request client -> server textDocument/documentSymbol in 39ms

23:25:18.612 instance_id=19D30CA036A [debug] handled notification client -> server textDocument/didChange in 1ms

23:25:18.726 instance_id=19D30CA036A [debug] Node port message: 
23:25:18.726 [info] Plugins found 0 results in 0.005 ms


23:25:18.726 instance_id=19D30CA036A [debug] sent notification server -> client textDocument/publishDiagnostics

23:25:18.726 instance_id=19D30CA036A [debug] sent notification server -> client textDocument/publishDiagnostics

23:25:18.727 instance_id=19D30CA036A [debug] sent notification server -> client textDocument/publishDiagnostics

23:25:18.727 instance_id=19D30CA036A [debug] sent notification server -> client textDocument/publishDiagnostics

23:25:18.727 instance_id=19D30CA036A [debug] sent notification server -> client textDocument/publishDiagnostics

23:25:18.727 instance_id=19D30CA036A [debug] sent notification server -> client textDocument/publishDiagnostics

23:25:18.727 instance_id=19D30CA036A [debug] sent notification server -> client textDocument/publishDiagnostics

23:25:18.727 instance_id=19D30CA036A [debug] sent notification server -> client textDocument/publishDiagnostics

23:25:18.727 instance_id=19D30CA036A [debug] sent notification server -> client textDocument/publishDiagnostics

23:25:18.727 instance_id=19D30CA036A [debug] sent notification server -> client textDocument/publishDiagnostics

23:25:18.728 instance_id=19D30CA036A [debug] sent notification server -> client textDocument/publishDiagnostics

23:25:18.728 instance_id=19D30CA036A [debug] sent notification server -> client textDocument/publishDiagnostics

23:25:18.728 instance_id=19D30CA036A [debug] sent notification server -> client textDocument/publishDiagnostics

23:25:18.728 instance_id=19D30CA036A [debug] sent notification server -> client textDocument/publishDiagnostics

23:25:18.729 instance_id=19D30CA036A [debug] sent notification server -> client textDocument/publishDiagnostics

23:25:18.729 instance_id=19D30CA036A [debug] sent notification server -> client textDocument/publishDiagnostics

23:25:18.729 instance_id=19D30CA036A [debug] sent notification server -> client textDocument/publishDiagnostics

23:25:18.729 instance_id=19D30CA036A [debug] sent notification server -> client textDocument/publishDiagnostics

23:25:18.739 instance_id=19D30CA036A [debug] handled request client -> server textDocument/documentSymbol in 33ms

23:25:18.856 instance_id=19D30CA036A [debug] handled notification client -> server workspace/didChangeWatchedFiles in 786µs

23:25:18.990 instance_id=19D30CA036A [debug] handled request client -> server textDocument/documentSymbol in 32ms

23:25:28.132 instance_id=19D30CA036A [debug] sent notification server -> client window/logMessage

23:25:28.132 instance_id=19D30CA036A [info] Resolved entity: {:call, Kernel, :defmodule, 2}

23:25:28.181 instance_id=19D30CA036A [debug] handled request client -> server textDocument/documentSymbol in 44ms

23:25:28.210 instance_id=19D30CA036A [debug] handled notification client -> server $/cancelRequest in 110µs

23:25:28.471 instance_id=19D30CA036A [debug] handled request client -> server textDocument/documentSymbol in 38ms

23:25:28.517 instance_id=19D30CA036A [debug] sent notification server -> client window/logMessage

23:25:28.517 instance_id=19D30CA036A [info] Resolved entity: {:call, Kernel, :defmodule, 2}

23:25:28.618 instance_id=19D30CA036A [debug] handled notification client -> server $/cancelRequest in 108µs

23:25:28.845 instance_id=19D30CA036A [debug] handled request client -> server textDocument/documentSymbol in 36ms

23:26:52.698 instance_id=19D30CA036A [debug] sent notification server -> client window/logMessage

23:26:52.698 instance_id=19D30CA036A [info] Opened file:///Users/aoeu/personal/lang-learn-journal/lib/sprachjournal_web/live/entry_live/new.ex

23:26:52.698 instance_id=19D30CA036A [debug] handled notification client -> server textDocument/didOpen in 696µs

23:27:10.233 instance_id=19D30CA036A [debug] handled notification client -> server textDocument/didChange in 866µs

23:27:10.342 instance_id=19D30CA036A [debug] Node port message: 
23:27:10.341 [info] Plugins found 0 results in 0.003 ms


23:27:10.342 instance_id=19D30CA036A [debug] sent notification server -> client textDocument/publishDiagnostics

23:27:10.342 instance_id=19D30CA036A [debug] sent notification server -> client textDocument/publishDiagnostics

23:27:10.342 instance_id=19D30CA036A [debug] sent notification server -> client textDocument/publishDiagnostics

23:27:10.342 instance_id=19D30CA036A [debug] sent notification server -> client textDocument/publishDiagnostics

23:27:10.343 instance_id=19D30CA036A [debug] sent notification server -> client textDocument/publishDiagnostics

23:27:10.343 instance_id=19D30CA036A [debug] sent notification server -> client textDocument/publishDiagnostics

23:27:10.343 instance_id=19D30CA036A [debug] sent notification server -> client textDocument/publishDiagnostics

23:27:10.343 instance_id=19D30CA036A [debug] sent notification server -> client textDocument/publishDiagnostics

23:27:10.343 instance_id=19D30CA036A [debug] sent notification server -> client textDocument/publishDiagnostics

23:27:10.343 instance_id=19D30CA036A [debug] sent notification server -> client textDocument/publishDiagnostics

23:27:10.344 instance_id=19D30CA036A [debug] sent notification server -> client textDocument/publishDiagnostics

23:27:10.344 instance_id=19D30CA036A [debug] sent notification server -> client textDocument/publishDiagnostics

23:27:10.344 instance_id=19D30CA036A [debug] sent notification server -> client textDocument/publishDiagnostics

23:27:10.344 instance_id=19D30CA036A [debug] sent notification server -> client textDocument/publishDiagnostics

23:27:10.344 instance_id=19D30CA036A [debug] sent notification server -> client textDocument/publishDiagnostics

23:27:10.345 instance_id=19D30CA036A [debug] sent notification server -> client textDocument/publishDiagnostics

23:27:10.345 instance_id=19D30CA036A [debug] sent notification server -> client textDocument/publishDiagnostics

23:27:10.345 instance_id=19D30CA036A [debug] sent notification server -> client textDocument/publishDiagnostics

23:27:10.484 instance_id=19D30CA036A [debug] handled notification client -> server workspace/didChangeWatchedFiles in 654µs

23:27:11.594 instance_id=19D30CA036A [debug] handled notification client -> server workspace/didChangeWatchedFiles in 2ms

23:27:34.844 instance_id=19D30CA036A [debug] handled notification client -> server textDocument/didChange in 1ms

23:27:34.898 instance_id=19D30CA036A [debug] sent notification server -> client textDocument/publishDiagnostics

23:27:34.899 instance_id=19D30CA036A [debug] Node port message: 
23:27:34.898 [info] Plugins found 0 results in 0.007 ms


23:27:34.899 instance_id=19D30CA036A [debug] sent notification server -> client textDocument/publishDiagnostics

23:27:34.899 instance_id=19D30CA036A [debug] sent notification server -> client textDocument/publishDiagnostics

23:27:34.899 instance_id=19D30CA036A [debug] sent notification server -> client textDocument/publishDiagnostics

23:27:34.900 instance_id=19D30CA036A [debug] sent notification server -> client textDocument/publishDiagnostics

23:27:34.900 instance_id=19D30CA036A [debug] sent notification server -> client textDocument/publishDiagnostics

23:27:34.900 instance_id=19D30CA036A [debug] sent notification server -> client textDocument/publishDiagnostics

23:27:34.900 instance_id=19D30CA036A [debug] sent notification server -> client textDocument/publishDiagnostics

23:27:34.900 instance_id=19D30CA036A [debug] sent notification server -> client textDocument/publishDiagnostics

23:27:34.900 instance_id=19D30CA036A [debug] sent notification server -> client textDocument/publishDiagnostics

23:27:34.901 instance_id=19D30CA036A [debug] sent notification server -> client textDocument/publishDiagnostics

23:27:34.901 instance_id=19D30CA036A [debug] sent notification server -> client textDocument/publishDiagnostics

23:27:34.901 instance_id=19D30CA036A [debug] sent notification server -> client textDocument/publishDiagnostics

23:27:34.901 instance_id=19D30CA036A [debug] sent notification server -> client textDocument/publishDiagnostics

23:27:34.902 instance_id=19D30CA036A [debug] sent notification server -> client textDocument/publishDiagnostics

23:27:34.902 instance_id=19D30CA036A [debug] sent notification server -> client textDocument/publishDiagnostics

23:27:34.902 instance_id=19D30CA036A [debug] sent notification server -> client textDocument/publishDiagnostics

23:27:34.902 instance_id=19D30CA036A [debug] sent notification server -> client textDocument/publishDiagnostics

23:27:35.091 instance_id=19D30CA036A [debug] handled notification client -> server workspace/didChangeWatchedFiles in 1ms

23:27:49.030 instance_id=19D30CA036A [debug] handled notification client -> server textDocument/didChange in 1ms

23:27:49.084 instance_id=19D30CA036A [debug] sent notification server -> client textDocument/publishDiagnostics

23:27:49.084 instance_id=19D30CA036A [debug] Node port message: 
23:27:49.084 [info] Plugins found 0 results in 0.007 ms


23:27:49.085 instance_id=19D30CA036A [debug] sent notification server -> client textDocument/publishDiagnostics

23:27:49.085 instance_id=19D30CA036A [debug] sent notification server -> client textDocument/publishDiagnostics

23:27:49.085 instance_id=19D30CA036A [debug] sent notification server -> client textDocument/publishDiagnostics

23:27:49.086 instance_id=19D30CA036A [debug] sent notification server -> client textDocument/publishDiagnostics

23:27:49.086 instance_id=19D30CA036A [debug] sent notification server -> client textDocument/publishDiagnostics

23:27:49.086 instance_id=19D30CA036A [debug] sent notification server -> client textDocument/publishDiagnostics

23:27:49.086 instance_id=19D30CA036A [debug] sent notification server -> client textDocument/publishDiagnostics

23:27:49.086 instance_id=19D30CA036A [debug] sent notification server -> client textDocument/publishDiagnostics

23:27:49.086 instance_id=19D30CA036A [debug] sent notification server -> client textDocument/publishDiagnostics

23:27:49.086 instance_id=19D30CA036A [debug] sent notification server -> client textDocument/publishDiagnostics

23:27:49.087 instance_id=19D30CA036A [debug] sent notification server -> client textDocument/publishDiagnostics

23:27:49.087 instance_id=19D30CA036A [debug] sent notification server -> client textDocument/publishDiagnostics

23:27:49.087 instance_id=19D30CA036A [debug] sent notification server -> client textDocument/publishDiagnostics

23:27:49.087 instance_id=19D30CA036A [debug] sent notification server -> client textDocument/publishDiagnostics

23:27:49.088 instance_id=19D30CA036A [debug] sent notification server -> client textDocument/publishDiagnostics

23:27:49.088 instance_id=19D30CA036A [debug] sent notification server -> client textDocument/publishDiagnostics

23:27:49.088 instance_id=19D30CA036A [debug] sent notification server -> client textDocument/publishDiagnostics

23:27:49.281 instance_id=19D30CA036A [debug] handled notification client -> server workspace/didChangeWatchedFiles in 881µs

23:27:55.426 instance_id=19D30CA036A [debug] sent notification server -> client window/logMessage

23:27:55.426 instance_id=19D30CA036A [info] Opened file:///Users/aoeu/personal/lang-learn-journal/lib/sprachjournal_web/live/entry_live/edit.ex

23:27:55.426 instance_id=19D30CA036A [debug] handled notification client -> server textDocument/didOpen in 1ms

23:27:55.525 instance_id=19D30CA036A [debug] handled notification client -> server textDocument/didChange in 902µs

23:27:55.578 instance_id=19D30CA036A [debug] sent notification server -> client textDocument/publishDiagnostics

23:27:55.578 instance_id=19D30CA036A [debug] Node port message: 
23:27:55.578 [info] Plugins found 0 results in 0.005 ms


23:27:55.578 instance_id=19D30CA036A [debug] sent notification server -> client textDocument/publishDiagnostics

23:27:55.579 instance_id=19D30CA036A [debug] sent notification server -> client textDocument/publishDiagnostics

23:27:55.579 instance_id=19D30CA036A [debug] sent notification server -> client textDocument/publishDiagnostics

23:27:55.579 instance_id=19D30CA036A [debug] sent notification server -> client textDocument/publishDiagnostics

23:27:55.579 instance_id=19D30CA036A [debug] sent notification server -> client textDocument/publishDiagnostics

23:27:55.579 instance_id=19D30CA036A [debug] sent notification server -> client textDocument/publishDiagnostics

23:27:55.579 instance_id=19D30CA036A [debug] sent notification server -> client textDocument/publishDiagnostics

23:27:55.579 instance_id=19D30CA036A [debug] sent notification server -> client textDocument/publishDiagnostics

23:27:55.579 instance_id=19D30CA036A [debug] sent notification server -> client textDocument/publishDiagnostics

23:27:55.580 instance_id=19D30CA036A [debug] sent notification server -> client textDocument/publishDiagnostics

23:27:55.580 instance_id=19D30CA036A [debug] sent notification server -> client textDocument/publishDiagnostics

23:27:55.580 instance_id=19D30CA036A [debug] sent notification server -> client textDocument/publishDiagnostics

23:27:55.580 instance_id=19D30CA036A [debug] sent notification server -> client textDocument/publishDiagnostics

23:27:55.580 instance_id=19D30CA036A [debug] sent notification server -> client textDocument/publishDiagnostics

23:27:55.581 instance_id=19D30CA036A [debug] sent notification server -> client textDocument/publishDiagnostics

23:27:55.581 instance_id=19D30CA036A [debug] sent notification server -> client textDocument/publishDiagnostics

23:27:55.581 instance_id=19D30CA036A [debug] sent notification server -> client textDocument/publishDiagnostics

23:27:55.773 instance_id=19D30CA036A [debug] handled notification client -> server workspace/didChangeWatchedFiles in 710µs

23:28:04.074 instance_id=19D30CA036A [debug] handled notification client -> server workspace/didChangeWatchedFiles in 1ms

23:29:58.908 instance_id=19D30CA036A [debug] handled notification client -> server textDocument/didClose in 153µs

23:31:01.639 instance_id=19D30CA036A [debug] handled notification client -> server textDocument/didClose in 378µs

09:05:54.489 instance_id=19D30CA036A [debug] sent notification server -> client window/logMessage

09:05:54.488 instance_id=19D30CA036A [info] Resolved entity: {:variable, :original}

09:05:54.491 instance_id=19D30CA036A [debug] handled request client -> server textDocument/hover in 7ms

09:06:34.868 instance_id=19D30CA036A [debug] sent notification server -> client window/logMessage

09:06:34.868 instance_id=19D30CA036A [info] Resolved entity: {:call, Kernel, :defmodule, 2}

09:06:34.975 instance_id=19D30CA036A [debug] handled notification client -> server $/cancelRequest in 82µs

09:06:35.198 instance_id=19D30CA036A [debug] handled request client -> server textDocument/documentSymbol in 36ms

09:07:11.716 instance_id=19D30CA036A [debug] sent notification server -> client window/logMessage

09:07:11.716 instance_id=19D30CA036A [info] Resolved entity: {:variable, :original}

09:07:11.720 instance_id=19D30CA036A [debug] handled request client -> server textDocument/hover in 8ms

09:07:12.351 instance_id=19D30CA036A [debug] handled request client -> server textDocument/hover in 9ms

09:22:53.679 instance_id=19D30CA036A [debug] handled notification client -> server textDocument/didChange in 910µs

09:22:53.800 instance_id=19D30CA036A [debug] Node port message: 
09:22:53.799 [info] Plugins found 0 results in 0.005 ms


09:22:53.800 instance_id=19D30CA036A [debug] sent notification server -> client textDocument/publishDiagnostics

09:22:53.800 instance_id=19D30CA036A [debug] sent notification server -> client textDocument/publishDiagnostics

09:22:53.800 instance_id=19D30CA036A [debug] sent notification server -> client textDocument/publishDiagnostics

09:22:53.800 instance_id=19D30CA036A [debug] sent notification server -> client textDocument/publishDiagnostics

09:22:53.801 instance_id=19D30CA036A [debug] sent notification server -> client textDocument/publishDiagnostics

09:22:53.801 instance_id=19D30CA036A [debug] sent notification server -> client textDocument/publishDiagnostics

09:22:53.801 instance_id=19D30CA036A [debug] sent notification server -> client textDocument/publishDiagnostics

09:22:53.801 instance_id=19D30CA036A [debug] sent notification server -> client textDocument/publishDiagnostics

09:22:53.801 instance_id=19D30CA036A [debug] sent notification server -> client textDocument/publishDiagnostics

09:22:53.801 instance_id=19D30CA036A [debug] sent notification server -> client textDocument/publishDiagnostics

09:22:53.802 instance_id=19D30CA036A [debug] sent notification server -> client textDocument/publishDiagnostics

09:22:53.802 instance_id=19D30CA036A [debug] sent notification server -> client textDocument/publishDiagnostics

09:22:53.802 instance_id=19D30CA036A [debug] sent notification server -> client textDocument/publishDiagnostics

09:22:53.802 instance_id=19D30CA036A [debug] sent notification server -> client textDocument/publishDiagnostics

09:22:53.803 instance_id=19D30CA036A [debug] sent notification server -> client textDocument/publishDiagnostics

09:22:53.803 instance_id=19D30CA036A [debug] sent notification server -> client textDocument/publishDiagnostics

09:22:53.803 instance_id=19D30CA036A [debug] sent notification server -> client textDocument/publishDiagnostics

09:22:53.803 instance_id=19D30CA036A [debug] sent notification server -> client textDocument/publishDiagnostics

09:22:53.822 instance_id=19D30CA036A [debug] handled request client -> server textDocument/documentSymbol in 44ms

09:22:53.927 instance_id=19D30CA036A [debug] handled notification client -> server workspace/didChangeWatchedFiles in 736µs

09:22:54.065 instance_id=19D30CA036A [debug] handled request client -> server textDocument/documentSymbol in 35ms

09:23:01.305 instance_id=19D30CA036A [debug] sent notification server -> client window/logMessage

09:23:01.304 instance_id=19D30CA036A [info] Opened file:///Users/aoeu/personal/lang-learn-journal/lib/sprachjournal/ai/prompt_generator.ex

09:23:01.305 instance_id=19D30CA036A [debug] handled notification client -> server textDocument/didOpen in 1ms

09:23:08.155 instance_id=19D30CA036A [debug] sent notification server -> client window/logMessage

09:23:08.155 instance_id=19D30CA036A [info] Opened file:///Users/aoeu/personal/lang-learn-journal/lib/sprachjournal_web/live/home_live.ex

09:23:08.155 instance_id=19D30CA036A [debug] handled notification client -> server textDocument/didOpen in 996µs

09:23:15.585 instance_id=19D30CA036A [debug] handled notification client -> server textDocument/didChange in 1ms

09:23:15.639 instance_id=19D30CA036A [debug] sent notification server -> client textDocument/publishDiagnostics

09:23:15.639 instance_id=19D30CA036A [debug] Node port message: 
09:23:15.639 [info] Plugins found 0 results in 0.007 ms


09:23:15.639 instance_id=19D30CA036A [debug] sent notification server -> client textDocument/publishDiagnostics

09:23:15.639 instance_id=19D30CA036A [debug] sent notification server -> client textDocument/publishDiagnostics

09:23:15.640 instance_id=19D30CA036A [debug] sent notification server -> client textDocument/publishDiagnostics

09:23:15.640 instance_id=19D30CA036A [debug] sent notification server -> client textDocument/publishDiagnostics

09:23:15.640 instance_id=19D30CA036A [debug] sent notification server -> client textDocument/publishDiagnostics

09:23:15.640 instance_id=19D30CA036A [debug] sent notification server -> client textDocument/publishDiagnostics

09:23:15.640 instance_id=19D30CA036A [debug] sent notification server -> client textDocument/publishDiagnostics

09:23:15.641 instance_id=19D30CA036A [debug] sent notification server -> client textDocument/publishDiagnostics

09:23:15.641 instance_id=19D30CA036A [debug] sent notification server -> client textDocument/publishDiagnostics

09:23:15.641 instance_id=19D30CA036A [debug] sent notification server -> client textDocument/publishDiagnostics

09:23:15.642 instance_id=19D30CA036A [debug] sent notification server -> client textDocument/publishDiagnostics

09:23:15.642 instance_id=19D30CA036A [debug] sent notification server -> client textDocument/publishDiagnostics

09:23:15.642 instance_id=19D30CA036A [debug] sent notification server -> client textDocument/publishDiagnostics

09:23:15.643 instance_id=19D30CA036A [debug] sent notification server -> client textDocument/publishDiagnostics

09:23:15.643 instance_id=19D30CA036A [debug] sent notification server -> client textDocument/publishDiagnostics

09:23:15.643 instance_id=19D30CA036A [debug] sent notification server -> client textDocument/publishDiagnostics

09:23:15.643 instance_id=19D30CA036A [debug] sent notification server -> client textDocument/publishDiagnostics

09:23:15.834 instance_id=19D30CA036A [debug] handled notification client -> server workspace/didChangeWatchedFiles in 1ms

09:23:48.710 instance_id=19D30CA036A [debug] handled notification client -> server textDocument/didChange in 845µs

09:23:48.818 instance_id=19D30CA036A [debug] Node port message: 
09:23:48.818 [info] Plugins found 0 results in 0.005 ms


09:23:48.818 instance_id=19D30CA036A [debug] sent notification server -> client textDocument/publishDiagnostics

09:23:48.818 instance_id=19D30CA036A [debug] sent notification server -> client textDocument/publishDiagnostics

09:23:48.818 instance_id=19D30CA036A [debug] sent notification server -> client textDocument/publishDiagnostics

09:23:48.818 instance_id=19D30CA036A [debug] sent notification server -> client textDocument/publishDiagnostics

09:23:48.819 instance_id=19D30CA036A [debug] sent notification server -> client textDocument/publishDiagnostics

09:23:48.819 instance_id=19D30CA036A [debug] sent notification server -> client textDocument/publishDiagnostics

09:23:48.819 instance_id=19D30CA036A [debug] sent notification server -> client textDocument/publishDiagnostics

09:23:48.819 instance_id=19D30CA036A [debug] sent notification server -> client textDocument/publishDiagnostics

09:23:48.819 instance_id=19D30CA036A [debug] sent notification server -> client textDocument/publishDiagnostics

09:23:48.819 instance_id=19D30CA036A [debug] sent notification server -> client textDocument/publishDiagnostics

09:23:48.819 instance_id=19D30CA036A [debug] sent notification server -> client textDocument/publishDiagnostics

09:23:48.820 instance_id=19D30CA036A [debug] sent notification server -> client textDocument/publishDiagnostics

09:23:48.820 instance_id=19D30CA036A [debug] sent notification server -> client textDocument/publishDiagnostics

09:23:48.820 instance_id=19D30CA036A [debug] sent notification server -> client textDocument/publishDiagnostics

09:23:48.820 instance_id=19D30CA036A [debug] sent notification server -> client textDocument/publishDiagnostics

09:23:48.821 instance_id=19D30CA036A [debug] sent notification server -> client textDocument/publishDiagnostics

09:23:48.821 instance_id=19D30CA036A [debug] sent notification server -> client textDocument/publishDiagnostics

09:23:48.821 instance_id=19D30CA036A [debug] sent notification server -> client textDocument/publishDiagnostics

09:23:48.957 instance_id=19D30CA036A [debug] handled notification client -> server workspace/didChangeWatchedFiles in 646µs

09:24:13.003 instance_id=19D30CA036A [debug] sent notification server -> client window/logMessage

09:24:13.003 instance_id=19D30CA036A [info] Opened file:///Users/aoeu/personal/lang-learn-journal/lib/sprachjournal_web/live/settings_live.ex

09:24:13.003 instance_id=19D30CA036A [debug] handled notification client -> server textDocument/didOpen in 736µs

09:24:18.398 instance_id=19D30CA036A [debug] handled notification client -> server textDocument/didChange in 1ms

09:24:18.453 instance_id=19D30CA036A [debug] sent notification server -> client textDocument/publishDiagnostics

09:24:18.453 instance_id=19D30CA036A [debug] Node port message: 
09:24:18.453 [info] Plugins found 0 results in 0.006 ms


09:24:18.454 instance_id=19D30CA036A [debug] sent notification server -> client textDocument/publishDiagnostics

09:24:18.454 instance_id=19D30CA036A [debug] sent notification server -> client textDocument/publishDiagnostics

09:24:18.454 instance_id=19D30CA036A [debug] sent notification server -> client textDocument/publishDiagnostics

09:24:18.454 instance_id=19D30CA036A [debug] sent notification server -> client textDocument/publishDiagnostics

09:24:18.454 instance_id=19D30CA036A [debug] sent notification server -> client textDocument/publishDiagnostics

09:24:18.454 instance_id=19D30CA036A [debug] sent notification server -> client textDocument/publishDiagnostics

09:24:18.455 instance_id=19D30CA036A [debug] sent notification server -> client textDocument/publishDiagnostics

09:24:18.455 instance_id=19D30CA036A [debug] sent notification server -> client textDocument/publishDiagnostics

09:24:18.455 instance_id=19D30CA036A [debug] sent notification server -> client textDocument/publishDiagnostics

09:24:18.455 instance_id=19D30CA036A [debug] sent notification server -> client textDocument/publishDiagnostics

09:24:18.456 instance_id=19D30CA036A [debug] sent notification server -> client textDocument/publishDiagnostics

09:24:18.456 instance_id=19D30CA036A [debug] sent notification server -> client textDocument/publishDiagnostics

09:24:18.456 instance_id=19D30CA036A [debug] sent notification server -> client textDocument/publishDiagnostics

09:24:18.456 instance_id=19D30CA036A [debug] sent notification server -> client textDocument/publishDiagnostics

09:24:18.457 instance_id=19D30CA036A [debug] sent notification server -> client textDocument/publishDiagnostics

09:24:18.457 instance_id=19D30CA036A [debug] sent notification server -> client textDocument/publishDiagnostics

09:24:18.457 instance_id=19D30CA036A [debug] sent notification server -> client textDocument/publishDiagnostics

09:24:18.643 instance_id=19D30CA036A [debug] handled notification client -> server workspace/didChangeWatchedFiles in 770µs

09:24:24.829 instance_id=19D30CA036A [debug] handled notification client -> server textDocument/didChange in 1ms

09:24:24.883 instance_id=19D30CA036A [debug] sent notification server -> client textDocument/publishDiagnostics

09:24:24.883 instance_id=19D30CA036A [debug] Node port message: 
09:24:24.883 [info] Plugins found 0 results in 0.005 ms


09:24:24.883 instance_id=19D30CA036A [debug] sent notification server -> client textDocument/publishDiagnostics

09:24:24.883 instance_id=19D30CA036A [debug] sent notification server -> client textDocument/publishDiagnostics

09:24:24.883 instance_id=19D30CA036A [debug] sent notification server -> client textDocument/publishDiagnostics

09:24:24.884 instance_id=19D30CA036A [debug] sent notification server -> client textDocument/publishDiagnostics

09:24:24.884 instance_id=19D30CA036A [debug] sent notification server -> client textDocument/publishDiagnostics

09:24:24.884 instance_id=19D30CA036A [debug] sent notification server -> client textDocument/publishDiagnostics

09:24:24.884 instance_id=19D30CA036A [debug] sent notification server -> client textDocument/publishDiagnostics

09:24:24.884 instance_id=19D30CA036A [debug] sent notification server -> client textDocument/publishDiagnostics

09:24:24.884 instance_id=19D30CA036A [debug] sent notification server -> client textDocument/publishDiagnostics

09:24:24.885 instance_id=19D30CA036A [debug] sent notification server -> client textDocument/publishDiagnostics

09:24:24.885 instance_id=19D30CA036A [debug] sent notification server -> client textDocument/publishDiagnostics

09:24:24.885 instance_id=19D30CA036A [debug] sent notification server -> client textDocument/publishDiagnostics

09:24:24.885 instance_id=19D30CA036A [debug] sent notification server -> client textDocument/publishDiagnostics

09:24:24.885 instance_id=19D30CA036A [debug] sent notification server -> client textDocument/publishDiagnostics

09:24:24.886 instance_id=19D30CA036A [debug] sent notification server -> client textDocument/publishDiagnostics

09:24:24.886 instance_id=19D30CA036A [debug] sent notification server -> client textDocument/publishDiagnostics

09:24:24.886 instance_id=19D30CA036A [debug] sent notification server -> client textDocument/publishDiagnostics

09:24:25.079 instance_id=19D30CA036A [debug] handled notification client -> server workspace/didChangeWatchedFiles in 646µs

09:24:31.268 instance_id=19D30CA036A [debug] handled notification client -> server textDocument/didChange in 1ms

09:24:31.322 instance_id=19D30CA036A [debug] sent notification server -> client textDocument/publishDiagnostics

09:24:31.322 instance_id=19D30CA036A [debug] Node port message: 
09:24:31.321 [info] Plugins found 0 results in 0.005 ms


09:24:31.322 instance_id=19D30CA036A [debug] sent notification server -> client textDocument/publishDiagnostics

09:24:31.322 instance_id=19D30CA036A [debug] sent notification server -> client textDocument/publishDiagnostics

09:24:31.322 instance_id=19D30CA036A [debug] sent notification server -> client textDocument/publishDiagnostics

09:24:31.322 instance_id=19D30CA036A [debug] sent notification server -> client textDocument/publishDiagnostics

09:24:31.322 instance_id=19D30CA036A [debug] sent notification server -> client textDocument/publishDiagnostics

09:24:31.323 instance_id=19D30CA036A [debug] sent notification server -> client textDocument/publishDiagnostics

09:24:31.323 instance_id=19D30CA036A [debug] sent notification server -> client textDocument/publishDiagnostics

09:24:31.323 instance_id=19D30CA036A [debug] sent notification server -> client textDocument/publishDiagnostics

09:24:31.323 instance_id=19D30CA036A [debug] sent notification server -> client textDocument/publishDiagnostics

09:24:31.323 instance_id=19D30CA036A [debug] sent notification server -> client textDocument/publishDiagnostics

09:24:31.323 instance_id=19D30CA036A [debug] sent notification server -> client textDocument/publishDiagnostics

09:24:31.323 instance_id=19D30CA036A [debug] sent notification server -> client textDocument/publishDiagnostics

09:24:31.324 instance_id=19D30CA036A [debug] sent notification server -> client textDocument/publishDiagnostics

09:24:31.324 instance_id=19D30CA036A [debug] sent notification server -> client textDocument/publishDiagnostics

09:24:31.324 instance_id=19D30CA036A [debug] sent notification server -> client textDocument/publishDiagnostics

09:24:31.324 instance_id=19D30CA036A [debug] sent notification server -> client textDocument/publishDiagnostics

09:24:31.324 instance_id=19D30CA036A [debug] sent notification server -> client textDocument/publishDiagnostics

09:24:31.516 instance_id=19D30CA036A [debug] handled notification client -> server workspace/didChangeWatchedFiles in 720µs

09:24:38.511 instance_id=19D30CA036A [debug] handled notification client -> server textDocument/didChange in 1ms

09:24:38.565 instance_id=19D30CA036A [debug] sent notification server -> client textDocument/publishDiagnostics

09:24:38.565 instance_id=19D30CA036A [debug] Node port message: 
09:24:38.565 [info] Plugins found 0 results in 0.006 ms


09:24:38.566 instance_id=19D30CA036A [debug] sent notification server -> client textDocument/publishDiagnostics

09:24:38.566 instance_id=19D30CA036A [debug] sent notification server -> client textDocument/publishDiagnostics

09:24:38.566 instance_id=19D30CA036A [debug] sent notification server -> client textDocument/publishDiagnostics

09:24:38.566 instance_id=19D30CA036A [debug] sent notification server -> client textDocument/publishDiagnostics

09:24:38.566 instance_id=19D30CA036A [debug] sent notification server -> client textDocument/publishDiagnostics

09:24:38.566 instance_id=19D30CA036A [debug] sent notification server -> client textDocument/publishDiagnostics

09:24:38.566 instance_id=19D30CA036A [debug] sent notification server -> client textDocument/publishDiagnostics

09:24:38.566 instance_id=19D30CA036A [debug] sent notification server -> client textDocument/publishDiagnostics

09:24:38.567 instance_id=19D30CA036A [debug] sent notification server -> client textDocument/publishDiagnostics

09:24:38.567 instance_id=19D30CA036A [debug] sent notification server -> client textDocument/publishDiagnostics

09:24:38.567 instance_id=19D30CA036A [debug] sent notification server -> client textDocument/publishDiagnostics

09:24:38.567 instance_id=19D30CA036A [debug] sent notification server -> client textDocument/publishDiagnostics

09:24:38.567 instance_id=19D30CA036A [debug] sent notification server -> client textDocument/publishDiagnostics

09:24:38.568 instance_id=19D30CA036A [debug] sent notification server -> client textDocument/publishDiagnostics

09:24:38.568 instance_id=19D30CA036A [debug] sent notification server -> client textDocument/publishDiagnostics

09:24:38.568 instance_id=19D30CA036A [debug] sent notification server -> client textDocument/publishDiagnostics

09:24:38.568 instance_id=19D30CA036A [debug] sent notification server -> client textDocument/publishDiagnostics

09:24:38.763 instance_id=19D30CA036A [debug] handled notification client -> server workspace/didChangeWatchedFiles in 570µs

09:24:52.429 instance_id=19D30CA036A [debug] handled notification client -> server textDocument/didChange in 1ms

09:24:52.485 instance_id=19D30CA036A [debug] sent notification server -> client textDocument/publishDiagnostics

09:24:52.485 instance_id=19D30CA036A [debug] Node port message: 
09:24:52.484 [info] Plugins found 0 results in 0.007 ms


09:24:52.485 instance_id=19D30CA036A [debug] sent notification server -> client textDocument/publishDiagnostics

09:24:52.485 instance_id=19D30CA036A [debug] sent notification server -> client textDocument/publishDiagnostics

09:24:52.485 instance_id=19D30CA036A [debug] sent notification server -> client textDocument/publishDiagnostics

09:24:52.486 instance_id=19D30CA036A [debug] sent notification server -> client textDocument/publishDiagnostics

09:24:52.486 instance_id=19D30CA036A [debug] sent notification server -> client textDocument/publishDiagnostics

09:24:52.486 instance_id=19D30CA036A [debug] sent notification server -> client textDocument/publishDiagnostics

09:24:52.486 instance_id=19D30CA036A [debug] sent notification server -> client textDocument/publishDiagnostics

09:24:52.486 instance_id=19D30CA036A [debug] sent notification server -> client textDocument/publishDiagnostics

09:24:52.486 instance_id=19D30CA036A [debug] sent notification server -> client textDocument/publishDiagnostics

09:24:52.487 instance_id=19D30CA036A [debug] sent notification server -> client textDocument/publishDiagnostics

09:24:52.487 instance_id=19D30CA036A [debug] sent notification server -> client textDocument/publishDiagnostics

09:24:52.487 instance_id=19D30CA036A [debug] sent notification server -> client textDocument/publishDiagnostics

09:24:52.488 instance_id=19D30CA036A [debug] sent notification server -> client textDocument/publishDiagnostics

09:24:52.488 instance_id=19D30CA036A [debug] sent notification server -> client textDocument/publishDiagnostics

09:24:52.488 instance_id=19D30CA036A [debug] sent notification server -> client textDocument/publishDiagnostics

09:24:52.488 instance_id=19D30CA036A [debug] sent notification server -> client textDocument/publishDiagnostics

09:24:52.488 instance_id=19D30CA036A [debug] sent notification server -> client textDocument/publishDiagnostics

09:24:52.675 instance_id=19D30CA036A [debug] handled notification client -> server workspace/didChangeWatchedFiles in 873µs

09:24:59.655 instance_id=19D30CA036A [debug] handled notification client -> server textDocument/didChange in 1ms

09:24:59.709 instance_id=19D30CA036A [debug] sent notification server -> client textDocument/publishDiagnostics

09:24:59.710 instance_id=19D30CA036A [debug] Node port message: 
09:24:59.709 [info] Plugins found 0 results in 0.006 ms


09:24:59.710 instance_id=19D30CA036A [debug] sent notification server -> client textDocument/publishDiagnostics

09:24:59.710 instance_id=19D30CA036A [debug] sent notification server -> client textDocument/publishDiagnostics

09:24:59.710 instance_id=19D30CA036A [debug] sent notification server -> client textDocument/publishDiagnostics

09:24:59.710 instance_id=19D30CA036A [debug] sent notification server -> client textDocument/publishDiagnostics

09:24:59.710 instance_id=19D30CA036A [debug] sent notification server -> client textDocument/publishDiagnostics

09:24:59.710 instance_id=19D30CA036A [debug] sent notification server -> client textDocument/publishDiagnostics

09:24:59.710 instance_id=19D30CA036A [debug] sent notification server -> client textDocument/publishDiagnostics

09:24:59.711 instance_id=19D30CA036A [debug] sent notification server -> client textDocument/publishDiagnostics

09:24:59.711 instance_id=19D30CA036A [debug] sent notification server -> client textDocument/publishDiagnostics

09:24:59.711 instance_id=19D30CA036A [debug] sent notification server -> client textDocument/publishDiagnostics

09:24:59.712 instance_id=19D30CA036A [debug] sent notification server -> client textDocument/publishDiagnostics

09:24:59.712 instance_id=19D30CA036A [debug] sent notification server -> client textDocument/publishDiagnostics

09:24:59.712 instance_id=19D30CA036A [debug] sent notification server -> client textDocument/publishDiagnostics

09:24:59.712 instance_id=19D30CA036A [debug] sent notification server -> client textDocument/publishDiagnostics

09:24:59.712 instance_id=19D30CA036A [debug] sent notification server -> client textDocument/publishDiagnostics

09:24:59.712 instance_id=19D30CA036A [debug] sent notification server -> client textDocument/publishDiagnostics

09:24:59.712 instance_id=19D30CA036A [debug] sent notification server -> client textDocument/publishDiagnostics

09:24:59.898 instance_id=19D30CA036A [debug] handled notification client -> server workspace/didChangeWatchedFiles in 675µs

09:25:11.673 instance_id=19D30CA036A [debug] sent notification server -> client window/logMessage

09:25:11.673 instance_id=19D30CA036A [info] Opened file:///Users/aoeu/personal/lang-learn-journal/lib/sprachjournal_web/live/entry_live/new.ex

09:25:11.673 instance_id=19D30CA036A [debug] handled notification client -> server textDocument/didOpen in 864µs

09:25:11.771 instance_id=19D30CA036A [debug] handled notification client -> server textDocument/didChange in 910µs

09:25:11.825 instance_id=19D30CA036A [debug] sent notification server -> client textDocument/publishDiagnostics

09:25:11.825 instance_id=19D30CA036A [debug] Node port message: 
09:25:11.825 [info] Plugins found 0 results in 0.006 ms


09:25:11.825 instance_id=19D30CA036A [debug] sent notification server -> client textDocument/publishDiagnostics

09:25:11.825 instance_id=19D30CA036A [debug] sent notification server -> client textDocument/publishDiagnostics

09:25:11.825 instance_id=19D30CA036A [debug] sent notification server -> client textDocument/publishDiagnostics

09:25:11.826 instance_id=19D30CA036A [debug] sent notification server -> client textDocument/publishDiagnostics

09:25:11.826 instance_id=19D30CA036A [debug] sent notification server -> client textDocument/publishDiagnostics

09:25:11.826 instance_id=19D30CA036A [debug] sent notification server -> client textDocument/publishDiagnostics

09:25:11.826 instance_id=19D30CA036A [debug] sent notification server -> client textDocument/publishDiagnostics

09:25:11.826 instance_id=19D30CA036A [debug] sent notification server -> client textDocument/publishDiagnostics

09:25:11.826 instance_id=19D30CA036A [debug] sent notification server -> client textDocument/publishDiagnostics

09:25:11.826 instance_id=19D30CA036A [debug] sent notification server -> client textDocument/publishDiagnostics

09:25:11.826 instance_id=19D30CA036A [debug] sent notification server -> client textDocument/publishDiagnostics

09:25:11.827 instance_id=19D30CA036A [debug] sent notification server -> client textDocument/publishDiagnostics

09:25:11.827 instance_id=19D30CA036A [debug] sent notification server -> client textDocument/publishDiagnostics

09:25:11.827 instance_id=19D30CA036A [debug] sent notification server -> client textDocument/publishDiagnostics

09:25:11.827 instance_id=19D30CA036A [debug] sent notification server -> client textDocument/publishDiagnostics

09:25:11.827 instance_id=19D30CA036A [debug] sent notification server -> client textDocument/publishDiagnostics

09:25:11.827 instance_id=19D30CA036A [debug] sent notification server -> client textDocument/publishDiagnostics

09:25:12.017 instance_id=19D30CA036A [debug] handled notification client -> server workspace/didChangeWatchedFiles in 632µs

09:25:17.825 instance_id=19D30CA036A [debug] handled notification client -> server textDocument/didChange in 1ms

09:25:17.881 instance_id=19D30CA036A [debug] sent notification server -> client textDocument/publishDiagnostics

09:25:17.881 instance_id=19D30CA036A [debug] Node port message: 
09:25:17.881 [info] Plugins found 0 results in 0.007 ms


09:25:17.881 instance_id=19D30CA036A [debug] sent notification server -> client textDocument/publishDiagnostics

09:25:17.881 instance_id=19D30CA036A [debug] sent notification server -> client textDocument/publishDiagnostics

09:25:17.881 instance_id=19D30CA036A [debug] sent notification server -> client textDocument/publishDiagnostics

09:25:17.881 instance_id=19D30CA036A [debug] sent notification server -> client textDocument/publishDiagnostics

09:25:17.882 instance_id=19D30CA036A [debug] sent notification server -> client textDocument/publishDiagnostics

09:25:17.882 instance_id=19D30CA036A [debug] sent notification server -> client textDocument/publishDiagnostics

09:25:17.882 instance_id=19D30CA036A [debug] sent notification server -> client textDocument/publishDiagnostics

09:25:17.882 instance_id=19D30CA036A [debug] sent notification server -> client textDocument/publishDiagnostics

09:25:17.882 instance_id=19D30CA036A [debug] sent notification server -> client textDocument/publishDiagnostics

09:25:17.882 instance_id=19D30CA036A [debug] sent notification server -> client textDocument/publishDiagnostics

09:25:17.882 instance_id=19D30CA036A [debug] sent notification server -> client textDocument/publishDiagnostics

09:25:17.882 instance_id=19D30CA036A [debug] sent notification server -> client textDocument/publishDiagnostics

09:25:17.883 instance_id=19D30CA036A [debug] sent notification server -> client textDocument/publishDiagnostics

09:25:17.883 instance_id=19D30CA036A [debug] sent notification server -> client textDocument/publishDiagnostics

09:25:17.883 instance_id=19D30CA036A [debug] sent notification server -> client textDocument/publishDiagnostics

09:25:17.883 instance_id=19D30CA036A [debug] sent notification server -> client textDocument/publishDiagnostics

09:25:17.883 instance_id=19D30CA036A [debug] sent notification server -> client textDocument/publishDiagnostics

09:25:18.074 instance_id=19D30CA036A [debug] handled notification client -> server workspace/didChangeWatchedFiles in 1ms

09:25:25.812 instance_id=19D30CA036A [debug] handled notification client -> server textDocument/didChange in 1ms

09:25:25.866 instance_id=19D30CA036A [debug] sent notification server -> client textDocument/publishDiagnostics

09:25:25.866 instance_id=19D30CA036A [debug] Node port message: 
09:25:25.866 [info] Plugins found 0 results in 0.005 ms


09:25:25.866 instance_id=19D30CA036A [debug] sent notification server -> client textDocument/publishDiagnostics

09:25:25.866 instance_id=19D30CA036A [debug] sent notification server -> client textDocument/publishDiagnostics

09:25:25.866 instance_id=19D30CA036A [debug] sent notification server -> client textDocument/publishDiagnostics

09:25:25.866 instance_id=19D30CA036A [debug] sent notification server -> client textDocument/publishDiagnostics

09:25:25.867 instance_id=19D30CA036A [debug] sent notification server -> client textDocument/publishDiagnostics

09:25:25.867 instance_id=19D30CA036A [debug] sent notification server -> client textDocument/publishDiagnostics

09:25:25.867 instance_id=19D30CA036A [debug] sent notification server -> client textDocument/publishDiagnostics

09:25:25.867 instance_id=19D30CA036A [debug] sent notification server -> client textDocument/publishDiagnostics

09:25:25.867 instance_id=19D30CA036A [debug] sent notification server -> client textDocument/publishDiagnostics

09:25:25.867 instance_id=19D30CA036A [debug] sent notification server -> client textDocument/publishDiagnostics

09:25:25.867 instance_id=19D30CA036A [debug] sent notification server -> client textDocument/publishDiagnostics

09:25:25.868 instance_id=19D30CA036A [debug] sent notification server -> client textDocument/publishDiagnostics

09:25:25.868 instance_id=19D30CA036A [debug] sent notification server -> client textDocument/publishDiagnostics

09:25:25.868 instance_id=19D30CA036A [debug] sent notification server -> client textDocument/publishDiagnostics

09:25:25.868 instance_id=19D30CA036A [debug] sent notification server -> client textDocument/publishDiagnostics

09:25:25.868 instance_id=19D30CA036A [debug] sent notification server -> client textDocument/publishDiagnostics

09:25:25.868 instance_id=19D30CA036A [debug] sent notification server -> client textDocument/publishDiagnostics

09:25:26.054 instance_id=19D30CA036A [debug] handled notification client -> server workspace/didChangeWatchedFiles in 837µs

09:25:33.830 instance_id=19D30CA036A [debug] handled notification client -> server textDocument/didChange in 871µs

09:25:33.888 instance_id=19D30CA036A [debug] sent notification server -> client textDocument/publishDiagnostics

09:25:33.888 instance_id=19D30CA036A [debug] Node port message: 
09:25:33.888 [info] Plugins found 0 results in 0.007 ms


09:25:33.889 instance_id=19D30CA036A [debug] sent notification server -> client textDocument/publishDiagnostics

09:25:33.889 instance_id=19D30CA036A [debug] sent notification server -> client textDocument/publishDiagnostics

09:25:33.889 instance_id=19D30CA036A [debug] sent notification server -> client textDocument/publishDiagnostics

09:25:33.890 instance_id=19D30CA036A [debug] sent notification server -> client textDocument/publishDiagnostics

09:25:33.890 instance_id=19D30CA036A [debug] sent notification server -> client textDocument/publishDiagnostics

09:25:33.890 instance_id=19D30CA036A [debug] sent notification server -> client textDocument/publishDiagnostics

09:25:33.890 instance_id=19D30CA036A [debug] sent notification server -> client textDocument/publishDiagnostics

09:25:33.890 instance_id=19D30CA036A [debug] sent notification server -> client textDocument/publishDiagnostics

09:25:33.890 instance_id=19D30CA036A [debug] sent notification server -> client textDocument/publishDiagnostics

09:25:33.891 instance_id=19D30CA036A [debug] sent notification server -> client textDocument/publishDiagnostics

09:25:33.891 instance_id=19D30CA036A [debug] sent notification server -> client textDocument/publishDiagnostics

09:25:33.891 instance_id=19D30CA036A [debug] sent notification server -> client textDocument/publishDiagnostics

09:25:33.891 instance_id=19D30CA036A [debug] sent notification server -> client textDocument/publishDiagnostics

09:25:33.891 instance_id=19D30CA036A [debug] sent notification server -> client textDocument/publishDiagnostics

09:25:33.892 instance_id=19D30CA036A [debug] sent notification server -> client textDocument/publishDiagnostics

09:25:33.892 instance_id=19D30CA036A [debug] sent notification server -> client textDocument/publishDiagnostics

09:25:33.892 instance_id=19D30CA036A [debug] sent notification server -> client textDocument/publishDiagnostics

09:25:34.082 instance_id=19D30CA036A [debug] handled notification client -> server workspace/didChangeWatchedFiles in 1ms

09:25:40.099 instance_id=19D30CA036A [debug] handled notification client -> server textDocument/didChange in 1ms

09:25:40.154 instance_id=19D30CA036A [debug] sent notification server -> client textDocument/publishDiagnostics

09:25:40.154 instance_id=19D30CA036A [debug] Node port message: 
09:25:40.154 [info] Plugins found 0 results in 0.006 ms


09:25:40.154 instance_id=19D30CA036A [debug] sent notification server -> client textDocument/publishDiagnostics

09:25:40.154 instance_id=19D30CA036A [debug] sent notification server -> client textDocument/publishDiagnostics

09:25:40.154 instance_id=19D30CA036A [debug] sent notification server -> client textDocument/publishDiagnostics

09:25:40.155 instance_id=19D30CA036A [debug] sent notification server -> client textDocument/publishDiagnostics

09:25:40.155 instance_id=19D30CA036A [debug] sent notification server -> client textDocument/publishDiagnostics

09:25:40.155 instance_id=19D30CA036A [debug] sent notification server -> client textDocument/publishDiagnostics

09:25:40.155 instance_id=19D30CA036A [debug] sent notification server -> client textDocument/publishDiagnostics

09:25:40.155 instance_id=19D30CA036A [debug] sent notification server -> client textDocument/publishDiagnostics

09:25:40.155 instance_id=19D30CA036A [debug] sent notification server -> client textDocument/publishDiagnostics

09:25:40.156 instance_id=19D30CA036A [debug] sent notification server -> client textDocument/publishDiagnostics

09:25:40.156 instance_id=19D30CA036A [debug] sent notification server -> client textDocument/publishDiagnostics

09:25:40.156 instance_id=19D30CA036A [debug] sent notification server -> client textDocument/publishDiagnostics

09:25:40.156 instance_id=19D30CA036A [debug] sent notification server -> client textDocument/publishDiagnostics

09:25:40.156 instance_id=19D30CA036A [debug] sent notification server -> client textDocument/publishDiagnostics

09:25:40.157 instance_id=19D30CA036A [debug] sent notification server -> client textDocument/publishDiagnostics

09:25:40.157 instance_id=19D30CA036A [debug] sent notification server -> client textDocument/publishDiagnostics

09:25:40.157 instance_id=19D30CA036A [debug] sent notification server -> client textDocument/publishDiagnostics

09:25:40.348 instance_id=19D30CA036A [debug] handled notification client -> server workspace/didChangeWatchedFiles in 971µs

09:25:46.834 instance_id=19D30CA036A [debug] sent notification server -> client window/logMessage

09:25:46.834 instance_id=19D30CA036A [info] Opened file:///Users/aoeu/personal/lang-learn-journal/lib/sprachjournal_web/live/entry_live/edit.ex

09:25:46.834 instance_id=19D30CA036A [debug] handled notification client -> server textDocument/didOpen in 710µs

09:25:46.928 instance_id=19D30CA036A [debug] handled notification client -> server textDocument/didChange in 819µs

09:25:46.982 instance_id=19D30CA036A [debug] sent notification server -> client textDocument/publishDiagnostics

09:25:46.982 instance_id=19D30CA036A [debug] Node port message: 
09:25:46.982 [info] Plugins found 0 results in 0.005 ms


09:25:46.982 instance_id=19D30CA036A [debug] sent notification server -> client textDocument/publishDiagnostics

09:25:46.983 instance_id=19D30CA036A [debug] sent notification server -> client textDocument/publishDiagnostics

09:25:46.983 instance_id=19D30CA036A [debug] sent notification server -> client textDocument/publishDiagnostics

09:25:46.983 instance_id=19D30CA036A [debug] sent notification server -> client textDocument/publishDiagnostics

09:25:46.983 instance_id=19D30CA036A [debug] sent notification server -> client textDocument/publishDiagnostics

09:25:46.983 instance_id=19D30CA036A [debug] sent notification server -> client textDocument/publishDiagnostics

09:25:46.983 instance_id=19D30CA036A [debug] sent notification server -> client textDocument/publishDiagnostics

09:25:46.983 instance_id=19D30CA036A [debug] sent notification server -> client textDocument/publishDiagnostics

09:25:46.983 instance_id=19D30CA036A [debug] sent notification server -> client textDocument/publishDiagnostics

09:25:46.984 instance_id=19D30CA036A [debug] sent notification server -> client textDocument/publishDiagnostics

09:25:46.984 instance_id=19D30CA036A [debug] sent notification server -> client textDocument/publishDiagnostics

09:25:46.984 instance_id=19D30CA036A [debug] sent notification server -> client textDocument/publishDiagnostics

09:25:46.984 instance_id=19D30CA036A [debug] sent notification server -> client textDocument/publishDiagnostics

09:25:46.984 instance_id=19D30CA036A [debug] sent notification server -> client textDocument/publishDiagnostics

09:25:46.984 instance_id=19D30CA036A [debug] sent notification server -> client textDocument/publishDiagnostics

09:25:46.984 instance_id=19D30CA036A [debug] sent notification server -> client textDocument/publishDiagnostics

09:25:46.985 instance_id=19D30CA036A [debug] sent notification server -> client textDocument/publishDiagnostics

09:25:47.180 instance_id=19D30CA036A [debug] handled notification client -> server workspace/didChangeWatchedFiles in 626µs

09:25:53.991 instance_id=19D30CA036A [debug] handled notification client -> server textDocument/didChange in 1ms

09:25:54.045 instance_id=19D30CA036A [debug] sent notification server -> client textDocument/publishDiagnostics

09:25:54.045 instance_id=19D30CA036A [debug] Node port message: 
09:25:54.045 [info] Plugins found 0 results in 0.006 ms


09:25:54.045 instance_id=19D30CA036A [debug] sent notification server -> client textDocument/publishDiagnostics

09:25:54.045 instance_id=19D30CA036A [debug] sent notification server -> client textDocument/publishDiagnostics

09:25:54.046 instance_id=19D30CA036A [debug] sent notification server -> client textDocument/publishDiagnostics

09:25:54.046 instance_id=19D30CA036A [debug] sent notification server -> client textDocument/publishDiagnostics

09:25:54.046 instance_id=19D30CA036A [debug] sent notification server -> client textDocument/publishDiagnostics

09:25:54.046 instance_id=19D30CA036A [debug] sent notification server -> client textDocument/publishDiagnostics

09:25:54.046 instance_id=19D30CA036A [debug] sent notification server -> client textDocument/publishDiagnostics

09:25:54.046 instance_id=19D30CA036A [debug] sent notification server -> client textDocument/publishDiagnostics

09:25:54.046 instance_id=19D30CA036A [debug] sent notification server -> client textDocument/publishDiagnostics

09:25:54.046 instance_id=19D30CA036A [debug] sent notification server -> client textDocument/publishDiagnostics

09:25:54.046 instance_id=19D30CA036A [debug] sent notification server -> client textDocument/publishDiagnostics

09:25:54.047 instance_id=19D30CA036A [debug] sent notification server -> client textDocument/publishDiagnostics

09:25:54.047 instance_id=19D30CA036A [debug] sent notification server -> client textDocument/publishDiagnostics

09:25:54.047 instance_id=19D30CA036A [debug] sent notification server -> client textDocument/publishDiagnostics

09:25:54.047 instance_id=19D30CA036A [debug] sent notification server -> client textDocument/publishDiagnostics

09:25:54.047 instance_id=19D30CA036A [debug] sent notification server -> client textDocument/publishDiagnostics

09:25:54.047 instance_id=19D30CA036A [debug] sent notification server -> client textDocument/publishDiagnostics

09:25:54.239 instance_id=19D30CA036A [debug] handled notification client -> server workspace/didChangeWatchedFiles in 607µs

09:26:00.413 instance_id=19D30CA036A [debug] handled notification client -> server textDocument/didChange in 1ms

09:26:00.469 instance_id=19D30CA036A [debug] sent notification server -> client textDocument/publishDiagnostics

09:26:00.469 instance_id=19D30CA036A [debug] Node port message: 
09:26:00.469 [info] Plugins found 0 results in 0.006 ms


09:26:00.469 instance_id=19D30CA036A [debug] sent notification server -> client textDocument/publishDiagnostics

09:26:00.469 instance_id=19D30CA036A [debug] sent notification server -> client textDocument/publishDiagnostics

09:26:00.469 instance_id=19D30CA036A [debug] sent notification server -> client textDocument/publishDiagnostics

09:26:00.470 instance_id=19D30CA036A [debug] sent notification server -> client textDocument/publishDiagnostics

09:26:00.470 instance_id=19D30CA036A [debug] sent notification server -> client textDocument/publishDiagnostics

09:26:00.470 instance_id=19D30CA036A [debug] sent notification server -> client textDocument/publishDiagnostics

09:26:00.470 instance_id=19D30CA036A [debug] sent notification server -> client textDocument/publishDiagnostics

09:26:00.470 instance_id=19D30CA036A [debug] sent notification server -> client textDocument/publishDiagnostics

09:26:00.470 instance_id=19D30CA036A [debug] sent notification server -> client textDocument/publishDiagnostics

09:26:00.470 instance_id=19D30CA036A [debug] sent notification server -> client textDocument/publishDiagnostics

09:26:00.471 instance_id=19D30CA036A [debug] sent notification server -> client textDocument/publishDiagnostics

09:26:00.471 instance_id=19D30CA036A [debug] sent notification server -> client textDocument/publishDiagnostics

09:26:00.471 instance_id=19D30CA036A [debug] sent notification server -> client textDocument/publishDiagnostics

09:26:00.471 instance_id=19D30CA036A [debug] sent notification server -> client textDocument/publishDiagnostics

09:26:00.471 instance_id=19D30CA036A [debug] sent notification server -> client textDocument/publishDiagnostics

09:26:00.471 instance_id=19D30CA036A [debug] sent notification server -> client textDocument/publishDiagnostics

09:26:00.472 instance_id=19D30CA036A [debug] sent notification server -> client textDocument/publishDiagnostics

09:26:00.661 instance_id=19D30CA036A [debug] handled notification client -> server workspace/didChangeWatchedFiles in 631µs

09:26:01.308 instance_id=19D30CA036A [debug] handled notification client -> server textDocument/didClose in 159µs

09:26:08.155 instance_id=19D30CA036A [debug] handled notification client -> server textDocument/didClose in 121µs

09:26:11.812 instance_id=19D30CA036A [debug] sent notification server -> client window/logMessage

09:26:11.812 instance_id=19D30CA036A [info] Opened file:///Users/aoeu/personal/lang-learn-journal/mix.exs

09:26:11.812 instance_id=19D30CA036A [debug] handled notification client -> server textDocument/didOpen in 419µs

09:26:11.818 instance_id=19D30CA036A [debug] sent notification server -> client window/logMessage

09:26:11.818 instance_id=19D30CA036A [info] Resolved entity: {:call, Kernel, :defmodule, 2}

09:26:11.869 instance_id=19D30CA036A [debug] handled request client -> server textDocument/documentSymbol in 51ms

09:26:11.916 instance_id=19D30CA036A [debug] handled notification client -> server $/cancelRequest in 101µs

09:26:11.919 instance_id=19D30CA036A [debug] sent notification server -> client window/logMessage

09:26:11.919 instance_id=19D30CA036A [info] Resolved entity: {:call, Kernel, :defmodule, 2}

09:26:12.066 instance_id=19D30CA036A [debug] handled request client -> server textDocument/codeLens in 614µs

09:26:12.106 instance_id=19D30CA036A [debug] handled notification client -> server $/cancelRequest in 135µs

09:26:12.110 instance_id=19D30CA036A [debug] sent notification server -> client window/logMessage

09:26:12.110 instance_id=19D30CA036A [info] Resolved entity: {:call, Kernel, :defmodule, 2}

09:26:12.157 instance_id=19D30CA036A [debug] handled request client -> server textDocument/documentSymbol in 43ms

09:26:12.222 instance_id=19D30CA036A [debug] handled notification client -> server $/cancelRequest in 73µs

09:26:13.286 instance_id=19D30CA036A [debug] handled notification client -> server textDocument/didChange in 1ms

09:26:13.340 instance_id=19D30CA036A [debug] Node port message: 
09:26:13.339 [info] Plugins found 0 results in 0.005 ms


09:26:13.340 instance_id=19D30CA036A [debug] sent notification server -> client textDocument/publishDiagnostics

09:26:13.340 instance_id=19D30CA036A [debug] sent notification server -> client textDocument/publishDiagnostics

09:26:13.340 instance_id=19D30CA036A [debug] sent notification server -> client textDocument/publishDiagnostics

09:26:13.341 instance_id=19D30CA036A [debug] sent notification server -> client textDocument/publishDiagnostics

09:26:13.341 instance_id=19D30CA036A [debug] sent notification server -> client textDocument/publishDiagnostics

09:26:13.341 instance_id=19D30CA036A [debug] sent notification server -> client textDocument/publishDiagnostics

09:26:13.341 instance_id=19D30CA036A [debug] sent notification server -> client textDocument/publishDiagnostics

09:26:13.341 instance_id=19D30CA036A [debug] sent notification server -> client textDocument/publishDiagnostics

09:26:13.341 instance_id=19D30CA036A [debug] sent notification server -> client textDocument/publishDiagnostics

09:26:13.341 instance_id=19D30CA036A [debug] sent notification server -> client textDocument/publishDiagnostics

09:26:13.341 instance_id=19D30CA036A [debug] sent notification server -> client textDocument/publishDiagnostics

09:26:13.342 instance_id=19D30CA036A [debug] sent notification server -> client textDocument/publishDiagnostics

09:26:13.342 instance_id=19D30CA036A [debug] sent notification server -> client textDocument/publishDiagnostics

09:26:13.342 instance_id=19D30CA036A [debug] sent notification server -> client textDocument/publishDiagnostics

09:26:13.342 instance_id=19D30CA036A [debug] sent notification server -> client textDocument/publishDiagnostics

09:26:13.342 instance_id=19D30CA036A [debug] sent notification server -> client textDocument/publishDiagnostics

09:26:13.342 instance_id=19D30CA036A [debug] sent notification server -> client textDocument/publishDiagnostics

09:26:13.343 instance_id=19D30CA036A [debug] sent notification server -> client textDocument/publishDiagnostics

09:26:13.533 instance_id=19D30CA036A [debug] handled notification client -> server workspace/didChangeWatchedFiles in 619µs

09:26:20.232 instance_id=19D30CA036A [debug] handled notification client -> server textDocument/didChange in 1ms

09:26:20.287 instance_id=19D30CA036A [debug] sent notification server -> client textDocument/publishDiagnostics

09:26:20.287 instance_id=19D30CA036A [debug] Node port message: 
09:26:20.287 [info] Plugins found 0 results in 0.008 ms


09:26:20.287 instance_id=19D30CA036A [debug] sent notification server -> client textDocument/publishDiagnostics

09:26:20.288 instance_id=19D30CA036A [debug] sent notification server -> client textDocument/publishDiagnostics

09:26:20.288 instance_id=19D30CA036A [debug] sent notification server -> client textDocument/publishDiagnostics

09:26:20.288 instance_id=19D30CA036A [debug] sent notification server -> client textDocument/publishDiagnostics

09:26:20.289 instance_id=19D30CA036A [debug] sent notification server -> client textDocument/publishDiagnostics

09:26:20.289 instance_id=19D30CA036A [debug] sent notification server -> client textDocument/publishDiagnostics

09:26:20.289 instance_id=19D30CA036A [debug] sent notification server -> client textDocument/publishDiagnostics

09:26:20.289 instance_id=19D30CA036A [debug] sent notification server -> client textDocument/publishDiagnostics

09:26:20.289 instance_id=19D30CA036A [debug] sent notification server -> client textDocument/publishDiagnostics

09:26:20.289 instance_id=19D30CA036A [debug] sent notification server -> client textDocument/publishDiagnostics

09:26:20.289 instance_id=19D30CA036A [debug] sent notification server -> client textDocument/publishDiagnostics

09:26:20.289 instance_id=19D30CA036A [debug] sent notification server -> client textDocument/publishDiagnostics

09:26:20.290 instance_id=19D30CA036A [debug] sent notification server -> client textDocument/publishDiagnostics

09:26:20.290 instance_id=19D30CA036A [debug] sent notification server -> client textDocument/publishDiagnostics

09:26:20.290 instance_id=19D30CA036A [debug] sent notification server -> client textDocument/publishDiagnostics

09:26:20.290 instance_id=19D30CA036A [debug] sent notification server -> client textDocument/publishDiagnostics

09:26:20.290 instance_id=19D30CA036A [debug] sent notification server -> client textDocument/publishDiagnostics

09:26:20.481 instance_id=19D30CA036A [debug] handled notification client -> server workspace/didChangeWatchedFiles in 932µs

09:26:27.314 instance_id=19D30CA036A [debug] handled notification client -> server textDocument/didClose in 117µs

09:26:45.977 instance_id=19D30CA036A [debug] handled notification client -> server textDocument/didClose in 118µs

09:27:13.001 instance_id=19D30CA036A [debug] handled notification client -> server textDocument/didClose in 200µs

09:28:11.678 instance_id=19D30CA036A [debug] handled notification client -> server textDocument/didClose in 370µs

09:28:46.842 instance_id=19D30CA036A [debug] handled notification client -> server textDocument/didClose in 296µs

09:29:11.852 instance_id=19D30CA036A [debug] handled notification client -> server textDocument/didClose in 78µs

09:32:53.592 instance_id=19D30CA036A [debug] sent notification server -> client window/logMessage

09:32:53.592 instance_id=19D30CA036A [info] Opened file:///Users/aoeu/personal/lang-learn-journal/config/runtime.exs

09:32:53.592 instance_id=19D30CA036A [debug] handled notification client -> server textDocument/didOpen in 805µs

09:33:04.762 instance_id=19D30CA036A [debug] sent notification server -> client window/logMessage

09:33:04.762 instance_id=19D30CA036A [info] Opened file:///Users/aoeu/personal/lang-learn-journal/config/prod.exs

09:33:04.762 instance_id=19D30CA036A [debug] handled notification client -> server textDocument/didOpen in 752µs

09:33:29.246 instance_id=19D30CA036A [debug] handled notification client -> server textDocument/didChange in 1ms

09:33:29.298 instance_id=19D30CA036A [debug] sent notification server -> client textDocument/publishDiagnostics

09:33:29.298 instance_id=19D30CA036A [debug] Node port message: 
09:33:29.298 [info] Plugins found 0 results in 0.005 ms


09:33:29.299 instance_id=19D30CA036A [debug] sent notification server -> client textDocument/publishDiagnostics

09:33:29.299 instance_id=19D30CA036A [debug] sent notification server -> client textDocument/publishDiagnostics

09:33:29.299 instance_id=19D30CA036A [debug] sent notification server -> client textDocument/publishDiagnostics

09:33:29.300 instance_id=19D30CA036A [debug] sent notification server -> client textDocument/publishDiagnostics

09:33:29.300 instance_id=19D30CA036A [debug] sent notification server -> client textDocument/publishDiagnostics

09:33:29.300 instance_id=19D30CA036A [debug] sent notification server -> client textDocument/publishDiagnostics

09:33:29.300 instance_id=19D30CA036A [debug] sent notification server -> client textDocument/publishDiagnostics

09:33:29.300 instance_id=19D30CA036A [debug] sent notification server -> client textDocument/publishDiagnostics

09:33:29.300 instance_id=19D30CA036A [debug] sent notification server -> client textDocument/publishDiagnostics

09:33:29.301 instance_id=19D30CA036A [debug] sent notification server -> client textDocument/publishDiagnostics

09:33:29.301 instance_id=19D30CA036A [debug] sent notification server -> client textDocument/publishDiagnostics

09:33:29.301 instance_id=19D30CA036A [debug] sent notification server -> client textDocument/publishDiagnostics

09:33:29.301 instance_id=19D30CA036A [debug] sent notification server -> client textDocument/publishDiagnostics

09:33:29.302 instance_id=19D30CA036A [debug] sent notification server -> client textDocument/publishDiagnostics

09:33:29.302 instance_id=19D30CA036A [debug] sent notification server -> client textDocument/publishDiagnostics

09:33:29.302 instance_id=19D30CA036A [debug] sent notification server -> client textDocument/publishDiagnostics

09:33:29.302 instance_id=19D30CA036A [debug] sent notification server -> client textDocument/publishDiagnostics

09:33:29.498 instance_id=19D30CA036A [debug] handled notification client -> server workspace/didChangeWatchedFiles in 935µs

09:33:50.218 instance_id=19D30CA036A [debug] sent notification server -> client window/logMessage

09:33:50.218 instance_id=19D30CA036A [info] Resolved entity: {:variable, :import}

09:33:50.221 instance_id=19D30CA036A [debug] handled request client -> server textDocument/codeAction in 5ms

09:33:50.264 instance_id=19D30CA036A [debug] handled request client -> server textDocument/documentSymbol in 42ms

09:33:50.554 instance_id=19D30CA036A [debug] handled request client -> server textDocument/documentSymbol in 35ms

09:34:11.980 instance_id=19D30CA036A [debug] sent notification server -> client window/logMessage

09:34:11.979 instance_id=19D30CA036A [info] Resolved entity: {:module, PHX_HOST}

09:34:11.981 instance_id=19D30CA036A [debug] handled request client -> server textDocument/hover in 8ms

09:34:12.721 instance_id=19D30CA036A [debug] sent notification server -> client window/logMessage

09:34:12.721 instance_id=19D30CA036A [info] Resolved entity: {:module, PHX_HOST}

09:34:12.860 instance_id=19D30CA036A [debug] handled request client -> server textDocument/codeAction in 140ms

09:34:13.345 instance_id=19D30CA036A [debug] sent notification server -> client window/logMessage

09:34:13.345 instance_id=19D30CA036A [info] Resolved entity: {:variable, :https}

09:34:13.346 instance_id=19D30CA036A [debug] handled request client -> server textDocument/hover in 6ms

09:34:18.306 instance_id=19D30CA036A [debug] handled request client -> server textDocument/hover in 12ms

09:34:18.700 instance_id=19D30CA036A [debug] handled request client -> server textDocument/hover in 7ms

09:36:04.759 instance_id=19D30CA036A [debug] handled notification client -> server textDocument/didClose in 140µs

09:36:50.054 instance_id=19D30CA036A [debug] sent notification server -> client window/logMessage

09:36:50.054 instance_id=19D30CA036A [info] Resolved entity: {:variable, :import}

09:36:50.057 instance_id=19D30CA036A [debug] handled request client -> server textDocument/codeAction in 4ms

09:36:50.181 instance_id=19D30CA036A [debug] sent notification server -> client window/logMessage

09:36:50.181 instance_id=19D30CA036A [info] Resolved entity: {:module, PHX_HOST}

09:36:50.338 instance_id=19D30CA036A [debug] handled request client -> server textDocument/codeAction in 160ms

09:36:50.387 instance_id=19D30CA036A [debug] handled request client -> server textDocument/documentSymbol in 35ms

09:36:50.394 instance_id=19D30CA036A [debug] sent notification server -> client window/logMessage

09:36:50.394 instance_id=19D30CA036A [info] Resolved entity: {:module, PHX_HOST}

09:36:50.525 instance_id=19D30CA036A [debug] handled request client -> server textDocument/codeAction in 132ms

09:37:02.986 instance_id=19D30CA036A [debug] sent notification server -> client window/logMessage

09:37:02.986 instance_id=19D30CA036A [info] Resolved entity: {:module, PHX_HOST}

09:37:03.129 instance_id=19D30CA036A [debug] handled request client -> server textDocument/codeAction in 145ms

09:45:18.538 instance_id=19D30CA036A [debug] handled notification client -> server textDocument/didClose in 108µs

11:41:11.089 instance_id=19D30CA036A [debug] sent notification server -> client window/logMessage

11:41:11.089 instance_id=19D30CA036A [info] Opened file:///Users/aoeu/personal/lang-learn-journal/lib/sprachjournal_web/components/layouts/root.html.heex

11:41:11.089 instance_id=19D30CA036A [debug] handled notification client -> server textDocument/didOpen in 1ms

11:41:11.741 instance_id=19D30CA036A [debug] sent notification server -> client window/logMessage

11:41:11.741 instance_id=19D30CA036A [info] Opened file:///Users/aoeu/personal/lang-learn-journal/lib/sprachjournal_web.ex

11:41:11.741 instance_id=19D30CA036A [debug] handled notification client -> server textDocument/didOpen in 1ms

11:41:43.249 instance_id=19D30CA036A [debug] handled notification client -> server textDocument/didChange in 776µs

11:41:44.571 instance_id=19D30CA036A [debug] handled notification client -> server workspace/didChangeWatchedFiles in 964µs

11:41:58.450 instance_id=19D30CA036A [debug] handled notification client -> server workspace/didChangeWatchedFiles in 703µs

11:44:11.092 instance_id=19D30CA036A [debug] handled notification client -> server textDocument/didClose in 146µs

11:44:11.746 instance_id=19D30CA036A [debug] handled notification client -> server textDocument/didClose in 156µs

11:51:14.998 instance_id=19D30CA036A [debug] sent notification server -> client window/logMessage

11:51:14.998 instance_id=19D30CA036A [info] Opened file:///Users/aoeu/personal/lang-learn-journal/lib/sprachjournal_web/components/layouts/root.html.heex

11:51:14.998 instance_id=19D30CA036A [debug] handled notification client -> server textDocument/didOpen in 944µs

11:51:15.099 instance_id=19D30CA036A [debug] handled notification client -> server textDocument/didChange in 708µs

11:51:15.738 instance_id=19D30CA036A [debug] handled notification client -> server workspace/didChangeWatchedFiles in 776µs

11:59:36.904 instance_id=19D30CA036A [debug] sent notification server -> client window/logMessage

11:59:36.904 instance_id=19D30CA036A [info] Opened file:///Users/aoeu/personal/lang-learn-journal/config/dev.exs

11:59:36.904 instance_id=19D30CA036A [debug] handled notification client -> server textDocument/didOpen in 1ms

12:02:36.907 instance_id=19D30CA036A [debug] handled notification client -> server textDocument/didClose in 417µs

12:16:00.411 instance_id=19D30CA036A [debug] sent notification server -> client window/logMessage

12:16:00.411 instance_id=19D30CA036A [info] Opened file:///Users/aoeu/personal/lang-learn-journal/lib/sprachjournal_web/components/layouts/root.html.heex

12:16:00.411 instance_id=19D30CA036A [debug] handled notification client -> server textDocument/didOpen in 738µs

12:16:00.508 instance_id=19D30CA036A [debug] handled notification client -> server textDocument/didChange in 669µs

12:16:01.477 instance_id=19D30CA036A [debug] handled notification client -> server workspace/didChangeWatchedFiles in 838µs

12:19:00.418 instance_id=19D30CA036A [debug] handled notification client -> server textDocument/didClose in 398µs
